/*
SQLyog Ultimate v12.09 (64 bit)
MySQL - 10.4.11-MariaDB : Database - db_atip
*********************************************************************
*/

/*!40101 SET NAMES utf8 */;

/*!40101 SET SQL_MODE=''*/;

/*!40014 SET @OLD_UNIQUE_CHECKS=@@UNIQUE_CHECKS, UNIQUE_CHECKS=0 */;
/*!40014 SET @OLD_FOREIGN_KEY_CHECKS=@@FOREIGN_KEY_CHECKS, FOREIGN_KEY_CHECKS=0 */;
/*!40101 SET @OLD_SQL_MODE=@@SQL_MODE, SQL_MODE='NO_AUTO_VALUE_ON_ZERO' */;
/*!40111 SET @OLD_SQL_NOTES=@@SQL_NOTES, SQL_NOTES=0 */;
CREATE DATABASE /*!32312 IF NOT EXISTS*/`db_atip` /*!40100 DEFAULT CHARACTER SET utf8mb4 */;

USE `db_atip`;

/*Table structure for table `m_admin` */

DROP TABLE IF EXISTS `m_admin`;

CREATE TABLE `m_admin` (
  `id_admin` int(11) NOT NULL AUTO_INCREMENT,
  `nama_lengkap` varchar(50) DEFAULT NULL,
  `email` varchar(50) DEFAULT NULL,
  `alamat` varchar(50) DEFAULT NULL,
  `nohp` varchar(15) DEFAULT NULL,
  PRIMARY KEY (`id_admin`)
) ENGINE=InnoDB AUTO_INCREMENT=17 DEFAULT CHARSET=latin1;

/*Data for the table `m_admin` */

insert  into `m_admin`(`id_admin`,`nama_lengkap`,`email`,`alamat`,`nohp`) values (1,'Administrator PTSP','ptsp@padangpanjang,go.id','Padang Panjang','081310460892'),(3,'WANHAR AZRI','bajoebel@gmail.com','JL SYECH IBRAHIM MUSA','081310460892'),(4,'Nama Kasi','kasi@gmail.com','Padang Panjang','0812'),(5,'Rochayati','rochayati@padangpanjang.go.id','Padang Panjang','081266547887'),(6,'Ewasoska','ewasoska@padangpanjang.go.id','Padang Panjang','08112030175'),(7,'Oksah Keebendrip','oksah@padangpanjang.go.id','Padang Panjang','081374072897'),(8,'Darmiwati','darmiwati@padangpanjang.go.id','Padang Panjang','08126735220'),(9,'Retno Hening','hening@padangpanjang.go.id','Padang Panjang','08126735220'),(10,'Yunelita Kahar','yunelita73@gmail.com','Padang Panjang','081363402125'),(11,'Ermawati','ermawati@padangpanjang.go.id','Padang Panjang','08126733647'),(12,'Febrianus','febrianus@padangpanjang.go.id','Padang Panjang','082387410302'),(13,'Akun Back Office','back.office@padangpanjang.go.id','pp','00'),(14,'Akun TIm Teknis','teknis@padangpanjang.go.id','pp','00'),(15,'Front Office','fo@gmail.com','pp','00'),(16,'Rima Amanda','rima.amanda@padangpanjang.go.id','Padang Panjang','089520109010');

/*Table structure for table `m_aksi` */

DROP TABLE IF EXISTS `m_aksi`;

CREATE TABLE `m_aksi` (
  `id_aksi` int(11) NOT NULL AUTO_INCREMENT,
  `nama_aksi` varchar(30) DEFAULT NULL,
  PRIMARY KEY (`id_aksi`)
) ENGINE=InnoDB AUTO_INCREMENT=11 DEFAULT CHARSET=latin1;

/*Data for the table `m_aksi` */

insert  into `m_aksi`(`id_aksi`,`nama_aksi`) values (1,'Index'),(2,'Save'),(3,'Edit'),(4,'Delete'),(5,'Publish');

/*Table structure for table `m_dosen` */

DROP TABLE IF EXISTS `m_dosen`;

CREATE TABLE `m_dosen` (
  `dosenid` varchar(20) NOT NULL,
  `dosennama` varchar(100) DEFAULT NULL,
  `dosenalamat` varchar(50) DEFAULT NULL,
  `dosentelp` varchar(20) DEFAULT NULL,
  `dosengelardepan` varchar(15) DEFAULT NULL,
  `dosengelarbelakang` varchar(15) DEFAULT NULL,
  `dosenjpid` varchar(5) DEFAULT NULL,
  `dosenprodiid` int(11) DEFAULT NULL,
  `dosennidn` varchar(20) DEFAULT NULL,
  `dosenstatus` enum('Dosen Tetap','Dosen Luar Biasa') DEFAULT NULL,
  `dosenphoto` text DEFAULT NULL,
  PRIMARY KEY (`dosenid`)
) ENGINE=InnoDB DEFAULT CHARSET=latin1;

/*Data for the table `m_dosen` */

insert  into `m_dosen`(`dosenid`,`dosennama`,`dosenalamat`,`dosentelp`,`dosengelardepan`,`dosengelarbelakang`,`dosenjpid`,`dosenprodiid`,`dosennidn`,`dosenstatus`,`dosenphoto`) values ('090021384','Candrianto','','','','','B',3,'4321127001','Dosen Tetap',NULL),('091099313','Pevi Riani','','081374095225','','M.Si','B',2,'4316028401','Dosen Tetap',NULL),('091099583','Rudianto','','','','','B',4,'4309038201','Dosen Tetap',NULL),('195105201983031001','Martalius','','','','Ir., M.Si.','B',2,'4320055101','Dosen Tetap',NULL),('195202231980031002','Syahril Mengkok','','0751766745','','SE, MM','B',3,'4323025201','Dosen Luar Biasa',NULL),('195308151985031003','Dahrizal Dt. Sinaro','','','','Ir.','B',4,'195308151985031003','Dosen Luar Biasa',NULL),('195310301983021001','J. Tumanggor','','','','ST, M.Pd','B',3,'9990024814','Dosen Luar Biasa',NULL),('195406051985031018','Yunizurwan','','','','ST, MT','B',4,'9910001011','Dosen Luar Biasa',NULL),('195408151986021003','Jasril','','(0751)483283','','MP','B',4,'9990242307','Dosen Luar Biasa',NULL),('195502021990111001','Mirwan','','0751 775383','','ST, MP','B',4,'4302025501','Dosen Luar Biasa',NULL),('195505151986031003','Amris','','','','Ir, SE, MM','B',4,'4315055501','Dosen Tetap',NULL),('195607161986032002','Eva Jumery','','','','','B',2,'195607161986032002','Dosen Tetap',NULL),('195803111990031002','Armen','Padang','','Ir. ',', MM','B',4,'8824701019','Dosen Tetap',NULL),('195910221990031001','Hazil Anwar','','','Drs.',',M.Si','B',2,'4322105901','Dosen Tetap',NULL),('196007132006042002','Dartini','','0751777967','','S.Pd, M.Si','B',2,'4313076001','Dosen Tetap',NULL),('196106151988032002','Rita Youfa','','(0751)481610','','Ir, MT','B',5,'4315066101','Dosen Tetap',NULL),('196201221994031001','M. Taufik Eka Prasada','','','DR. ','','A',2,'4322016201','Dosen Tetap',NULL),('196212151996032001','Miratul Hasni','Padang','081267646172','',', SH, M.Pd','B',3,'4315126201','Dosen Tetap',NULL),('196303151989031006','M. Arifin','','','','SE, MM','B',3,'4315036301','Dosen Tetap',NULL),('196307181991032002','Elizarni','','','Dra.',', M.Si.','B',2,'4318076301','Dosen Tetap',NULL),('196311022001121001','Devison','','','','Ir.','C',5,'4302116301','Dosen Tetap',NULL),('196412131991032002','Desniorita','','','Ir. ',', MP','B',4,'4313126401','Dosen Tetap',NULL),('196501011990031011','Indra Amin','','0751-7055760','','Drs, M.Si','B',3,'4301016501','Dosen Tetap',NULL),('196501231990032001','Radna Ningsih','','0751443670','','SE, MM','B',3,'4323016501','Dosen Tetap',NULL),('196510261986031002','Musdirwan','','0751495987','','SE, M.Si','B',3,'4326106501','Dosen Tetap',NULL),('196512041990032002','Desiyarni','','','','DR., Ir., M.Si.','B',5,'196512041990032002','Dosen Tetap',NULL),('196705081991031003','Haswan','','','','Drs.','B',4,'4308056701','Dosen Tetap',NULL),('196706052001121003','Fejri Subriadi','','-','Ir.',', MT','B',2,'4305066701','Dosen Tetap',NULL),('196708071992032002','Gustri Yeni','Padang','','Dr. ',', S.TP, MP','A',4,'','Dosen Luar Biasa',NULL),('196909131996032001','Ester Edwar','','','','Dra., M.Pd.','B',3,'4313096901','Dosen Tetap',NULL),('197002111996032001','Dyah Nirmala','','','','ST, M.Si','B',5,'4311027001','Dosen Tetap',NULL),('197012211995031001','Candrianto','Lubuk Alung','08126724989','ST','M.Pd','B',3,'4321127001','Dosen Tetap',NULL),('197203142005022001','Etmawati Bulkia','','','','ST, MT','B',4,'','Dosen Luar Biasa',NULL),('197209072003122002','Imelda Bahar, S.Si. M.Si','','(0751)445494','','','B',2,'4307097201','Dosen Tetap',NULL),('197211152001122001','Elda Pelita','','0751-23617','','S.Si, M.Si.','B',2,'4315117201','Dosen Tetap',NULL),('197301082008112001','Sri Elfina','Padang','','Dr. ',', M.Si','A',2,'4308017301','Dosen Tetap',NULL),('197301152001122001','Hasnah Ulia','','','','ST, MT','B',5,'4315017301','Dosen Tetap',NULL),('197303132001121001','M. Ikhlas Armin','','','','M.Sc.','B',2,'4313037301','Dosen Tetap',NULL),('197308092001122001','Merry Asria','','','','S.Si., M.Si','B',2,'4309087301','Dosen Tetap',NULL),('197509022001121002','Isra Mouludi','','','','S.Kom, M.Kom','B',3,'4302097501','Dosen Tetap',NULL),('197601212005022001','Maria Isfus Senjawati','Air Dingin Lubuk Minturun','081374429342','',', MT','B',4,'','Dosen Tetap',NULL),('197601242001122004','Harmiwati NH','','','','ST, MT','B',5,'4324017601','Dosen Tetap',NULL),('197608192001122003','Lisa Nesti','','','','S.Si., M,Si.','B',3,'4319087601','Dosen Tetap',NULL),('197609092003121004','Erwinsyah Sipahutar','','','','MT','B',4,'4309097601','Dosen Tetap',NULL),('197702112002122004','Hafnimardiyanti','','','','S.Si, M.Si','B',2,'4311027701','Dosen Tetap',NULL),('197703152002122006','Gusfiyesi','padang','','Dr. ',', M.Si','A',2,'4315037701','Dosen Tetap',NULL),('197705272002122002','Pharmayeni','','0751-498234','','ST','C',4,'4324057701','Dosen Tetap',NULL),('197801292003122004','Renny Futeri','','0751-447473','','S.Si, M.Si','B',2,'4329017801','Dosen Tetap',NULL),('197805312008032001','Meilizar','Padang','','',', MT','B',3,'4331057801','Dosen Tetap',NULL),('197808272002121004','Firdaus Jamsan','','','',', MT','B',3,'4327087801','Dosen Tetap',NULL),('197903082001122003','Risma Sari','','','','S.Si. M.Si','B',2,'4308037901','Dosen Tetap',NULL),('197907032003121004','A Nur Chairun R','','','','SP, M.Si','B',3,'4303077901','Dosen Tetap',NULL),('197909192008032003','Maryam','','','',', S.TP, MP','B',4,'4319097901','Dosen Tetap',NULL),('198109262005021001','Syamsul Anwar','','','',', M.SE','B',3,'4326098101','Dosen Tetap',NULL),('198111182006042001','Irna Ekawati','','','',', ST, MT','B',4,'4318118101','Dosen Tetap',NULL),('198203092009111001','Rudianto','','','',', MT','B',4,'4309038201','Dosen Tetap',NULL),('198207272008031001','Zulhamidi','','','','ST, MT, IPM','B',4,'4327078201','Dosen Tetap',NULL),('198307192008030102','Rizki Alfi','','','',', ST, MT','B',4,'4319078301','Dosen Tetap',NULL),('198307312009011001','Stevent Sinaga, ST','','','','','B',4,'198307312009011001','Dosen Tetap',NULL),('198308262008032003','Peni Shoffiyati','','','','','B',3,'4326088301','Dosen Tetap',NULL),('198406142014021001','Dedy Rahmad ','','','',', M.Sc','B',5,'4314068401','Dosen Tetap',NULL),('198409112019012001','Rosalina','Padang','','','','B',5,'4311098401','Dosen Tetap',NULL),('198503122010121001','Khairul Akli','','','','','B',5,'4312038501','Dosen Tetap',NULL),('198503202009111001','Rizaldi Sardani','','0751 36473','','','B',3,'4320038501','Dosen Tetap',NULL),('198507292014021001','Edo Rantou Wijaya','Padang','','',', MT','B',3,'4329078501','Dosen Tetap',NULL),('198603072014022001','Dwimaryam Suciati','solok','','',', S.Pd, M.Sc','B',2,'4307038601','Dosen Tetap',NULL),('198606062010121004','Heru Enggar Triantoro','','','','','B',5,'198606062010121004','Dosen Tetap',NULL),('198606212018011001','Eko Supriadi','','','','M.T','B',5,'4321068601','Dosen Tetap',NULL),('198608192015022001','Gustiarini Rika Putri','Padang Panjang','','',', STP, MP','B',4,'4319088601','Dosen Tetap',NULL),('198705292019012001','Wahyu Fitrianda Mufti','Padang','','','','A',3,'4329058701','Dosen Tetap',NULL),('198803152014022001','Tengku Rachmi Hidayani','padang','','',', M.Si','B',2,'4315038801','Dosen Tetap',NULL),('198807222014021001','Addin Akbar','','','',', S.Si, MT','B',5,'4322078801','Dosen Tetap',NULL),('198904132019011001','Demi Ramadian','Padang','','','','B',4,'1013048901','Dosen Tetap',NULL),('198907142019012001','Puji Rahayu','Padang','','','','B',5,'0714078904','Dosen Tetap',NULL),('198910132019011001','Rizki Fadhillah Lubis','Padang','','','','B',4,'0113108901','Dosen Tetap',NULL),('199004182019011001','Fikri Arsil ','Padang','','','','B',4,'4318049001','Dosen Tetap',NULL),('199005272018012002','Melysa Putri','','','','M.Si','B',2,'4327059001','Dosen Tetap',NULL),('199007132018012002','Hartami Dewi','Berok Rakik, Tunggul Hitam','082375947237','',', S.TP, M.Si','B',4,'0313079001','Dosen Tetap',NULL),('199010052018012002','Nurike Oktavia','','','','','B',3,'4305109001','Dosen Tetap',NULL),('199103022019012001','Dwi Kemala Putri ','Padang','','','','B',5,'4302039101','Dosen Tetap',NULL),('199105142018011002','Syafrinal','','085263931961','','S.Pd.,M.Si','B',2,'4314059101','Dosen Tetap',NULL),('199201262018012002','Ridha Luthvina','','','','','B',3,'4326019201\r\n','Dosen Tetap',NULL),('199311162019012001','Wahyuni Amalia','Padang','','','','B',5,'','Dosen Tetap',NULL),('199410022019012001','Suci Oktri Viarani','Padang','','','','B',3,'4302109401\r\n','Dosen Tetap',NULL),('DSN-LB-001','Puspita Rana Nopiana','','','',', SE, MM','B',3,'','Dosen Luar Biasa',NULL),('DSN-LB-003','Andry Osra','','','',', SE, MM','B',4,'','Dosen Luar Biasa',NULL),('DSN-LB-004','Berry Yuliandra','Padang','','',', MT','B',3,'','Dosen Luar Biasa',NULL),('DSN-LB-005','Asnal Efendi','','','',', MT','B',3,'','Dosen Luar Biasa',NULL),('DSN-LB-006','Daniati Putri','Padang','','',', SE, M.Si','B',3,'','Dosen Luar Biasa',NULL),('DSN-LB-007','Darmawangsa','','','','','B',4,'','Dosen Luar Biasa',NULL),('DSN-LB-008','Djufri Mustafa','','','Drs. ',', M.Sc','B',4,'000011007','Dosen Luar Biasa',NULL),('DSN-LB-009','Doni Navaliendry','','','',', M.Kom','B',4,'','Dosen Luar Biasa',NULL),('DSN-LB-010','Edwar Kemal','unand','','','SS, M.Hum','B',4,'1012068203','Dosen Luar Biasa',NULL),('DSN-LB-011','Ellyta Sari','','','',', ST, MT','B',5,'','Dosen Luar Biasa',NULL),('DSN-LB-012','Elmay Yarnis','','','',', ST','C',4,'','Dosen Luar Biasa',NULL),('DSN-LB-013','Emidar Fahmi','Padang','','Dra. ',', M.Pd','B',3,'','Dosen Luar Biasa',NULL),('DSN-LB-014','Ena noveria','unp','','',', M.Pd','B',4,'','Dosen Luar Biasa',NULL),('DSN-LB-015','Ermawati Arief','Simpang Lalang','','Dra. ',', M.Pd','B',2,'','Dosen Luar Biasa',NULL),('DSN-LB-017','Gamindra Jauhari','Padang','','Ir. ',', MP','B',4,'','Dosen Luar Biasa',NULL),('DSN-LB-018','Garibaldi Kamar','','','Ir. ',', M.Si','B',5,'','Dosen Luar Biasa',NULL),('DSN-LB-019','Gusneti','','','Dra. ',', M.Pd','B',5,'','Dosen Luar Biasa',NULL),('DSN-LB-020','Gusni Sushanti','','','',', ST, MT','B',4,'','Dosen Luar Biasa',NULL),('DSN-LB-022','Hasbullah','Padang','','Ir. ',', M.Si','B',2,'','Dosen Luar Biasa',NULL),('DSN-LB-024','Syukri','Padang','','DR','','A',2,'','Dosen Luar Biasa',NULL),('DSN-LB-025','Hazli Nurdin','padang','','Prof. Dr. ',', M.Sc','A',2,'','Dosen Luar Biasa',NULL),('DSN-LB-026','Henny Yulius','','','',', MT','B',3,'','Dosen Luar Biasa',NULL),('DSN-LB-027','Hilmalaya','','','Dra. ','','C',4,'','Dosen Luar Biasa',NULL),('DSN-LB-028','Ikhwansyah','Padang','','',', M.Kom','A',2,'1026078401','Dosen Luar Biasa',NULL),('DSN-LB-029','Iswadi Bahardur','','','','','B',4,'','Dosen Luar Biasa',NULL),('DSN-LB-030','Erizal','','','',', SE, MM','B',3,'','Dosen Luar Biasa',NULL),('DSN-LB-031','Jonrinaldi','','','','','B',3,'','Dosen Luar Biasa',NULL),('DSN-LB-032','Junaidi','','','Dr. ','','A',4,'','Dosen Luar Biasa',NULL),('DSN-LB-033','Junaidi Irawadi','Padang','08126762851','',', M.Pd','B',3,'','Dosen Luar Biasa',NULL),('DSN-LB-035','Lukman HB','','0751462378','Ir. ',', MM','B',4,'','Dosen Luar Biasa',NULL),('DSN-LB-036','Maria Ulfah','','','Dr. ','Dr','A',5,'','Dosen Luar Biasa',NULL),('DSN-LB-037','Meldia Fitri','','','',', ST, MP','B',3,'','Dosen Luar Biasa',NULL),('DSN-LB-038','Merina Damayanti','','','',', ST','C',4,'','Dosen Luar Biasa',NULL),('DSN-LB-039','Mery Trianita','','','',', SE, MM','B',3,'','Dosen Luar Biasa',NULL),('DSN-LB-040','Mulyazmi','','','Dr. ',', MT','A',5,'','Dosen Luar Biasa',NULL),('DSN-LB-041','Nasrul Rivai','','','Drs. ',', MA','B',3,'0020034905','Dosen Luar Biasa',NULL),('DSN-LB-042','Nurmi','','','',', M. Kom','B',3,'1008036601','Dosen Luar Biasa',NULL),('DSN-LB-044','Prima Fithri','','','',', MT','B',3,'','Dosen Luar Biasa',NULL),('DSN-LB-046','Reni Desmiarti','','','Dr. ',', Eng','A',5,'','Dosen Luar Biasa',NULL),('DSN-LB-047','Reni Yuliviona','','','',', SE, MM','B',3,'','Dosen Luar Biasa',NULL),('DSN-LB-048','Rinaldi','','','',', S.PSi, M.Psi','B',4,'','Dosen Luar Biasa',NULL),('DSN-LB-049','Rita Anggraini','','','',', M.Pd','B',2,'','Dosen Luar Biasa',NULL),('DSN-LB-050','Safrijamain','','','',', M.Pd','B',3,'','Dosen Luar Biasa',NULL),('DSN-LB-051','Sahrul','','','',', M.Si','B',3,'','Dosen Luar Biasa',NULL),('DSN-LB-052','Salman Assahary','','','Drs. ',', M.Ag','B',2,'1030047505','Dosen Luar Biasa',NULL),('DSN-LB-053','Sawati','','','Drs. ',', M.Si','B',3,'','Dosen Luar Biasa',NULL),('DSN-LB-054','Selfa Dewati Samah','Padang Panjang','','',', M.Si','B',2,'4317128501','Dosen Tetap',NULL),('DSN-LB-055','Silvi Octavia','','','Dr. ','','A',5,'','Dosen Luar Biasa',NULL),('DSN-LB-056','Silvia Anggreni','','','',', M.Pd','B',5,'1017118602','Dosen Luar Biasa',NULL),('DSN-LB-058','Sofyan','','','Ir. ',', M.Eng','B',5,'','Dosen Luar Biasa',NULL),('DSN-LB-059','Sri Rizki Putri Primandani','','','Dr. ',', MT','A',5,'','Dosen Luar Biasa',NULL),('DSN-LB-060','Sulaiman Daud','','','',', ST','C',5,'','Dosen Luar Biasa',NULL),('DSN-LB-063','Tanius Kusai','','','Drs. ','','C',2,'','Dosen Luar Biasa',NULL),('DSN-LB-064','Tarmizi Ajub','','','',', A. Pt','B',4,'','Dosen Luar Biasa',NULL),('DSN-LB-065','Tri Murti','','','','','B',4,'','Dosen Luar Biasa',NULL),('DSN-LB-066','Wirma Anwar','','','Dr. ',', M.Pd','A',3,'','Dosen Luar Biasa',NULL),('DSN-LB-067','Yalmiadi','unand','','',', M.Pd','B',4,'100647703','Dosen Luar Biasa',NULL),('DSN-LB-068','Yan Yaldila ','','','','','B',4,'','Dosen Luar Biasa',NULL),('DSN-LB-069','Yessi Puspita','Padang','','',', S.Sos., M.Si','B',2,'','Dosen Luar Biasa',NULL),('DSN-LB-070','Yosi Septriatni','','','',', SE, Acc, Akt','B',3,'','Dosen Luar Biasa',NULL),('DSN-LB-072','Yuli Sabri','','','',', S.Sos.I, MA','B',2,'','Dosen Luar Biasa',NULL),('DSN-LB-073','Yulia Helti','','','',', M.Pd','B',4,'','Dosen Luar Biasa',NULL),('DSN-LB-074','Yulihardi','padang','','',', MM','B',2,'1013076401','Dosen Luar Biasa',NULL),('DSN-LB-075','Zamzibar Zuki','','','Drs. ',', MP','B',2,'','Dosen Luar Biasa',NULL),('DSN-LB-076','Zudarmi','Padang','','',', M.Si','B',5,'','Dosen Luar Biasa',NULL),('DSN-LB-077','Zulfarman','','','Drs. ',', MS','B',4,'091100603730','Dosen Luar Biasa',NULL),('DSN-LB-078','Zulhelmi','','','',', MM','B',3,'','Dosen Luar Biasa',NULL),('DSN-LB-079','Zulhendri Kamus','Padang','','',', M.Si','B',2,'','Dosen Luar Biasa',NULL),('DSN-LB-080','Ani Fatimah','Padang','','',', M.Si','B',4,'','Dosen Luar Biasa',NULL),('DSN-LB-081','Dewi Murni','Padang','','Dra. ',', M.Si','B',2,'','Dosen Luar Biasa',NULL),('DSN-LB-082','Silvia Rosita','Padang','','',', M.Si','B',2,'','Dosen Luar Biasa',NULL),('DSN-LB-083','Novita Efendi','padang','','',', M.Pd','B',2,'','Dosen Luar Biasa',NULL),('DSN-LB-084','Wahyuni Shofinna Nur','Padang','','',', M.Pd','B',3,'1030069001','Dosen Luar Biasa',NULL),('DSN-LB-085','Yuliar','padang','','Dr. ','','A',4,'1024095801','Dosen Luar Biasa',NULL),('DSN-LB-086','Emil Salim','Padang','','',', M.Sc','B',5,'','Dosen Luar Biasa',NULL),('DSN-LB-087','Rio Anshari','Padang','','',', M.Si','B',5,'','Dosen Luar Biasa',NULL),('DSN-LB-088','Fepryna Yenti','','','',', M.Pd','B',3,'1020028702','Dosen Luar Biasa',NULL),('DSN-LB-089','Afriza Media','Padang','082391316114','',', M.Pd','B',5,'','Dosen Luar Biasa',NULL),('DSN-LB-090','Titut Eryanto','Padang','','',', ST, MT','B',5,'','Dosen Luar Biasa',NULL),('DSN-LB-091','Mahdhivan Syafwan','Padang','','Dr. ','','A',5,'','Dosen Luar Biasa',NULL),('DSN-LB-092','Yosritzal','Padang','','','Ph.D','A',3,'','Dosen Luar Biasa',NULL),('DSN-LB-093','Wisnel','','081239441113','','M.Sc','A',3,'','Dosen Luar Biasa',NULL),('DSN-LB-094','Nurike Oktavia','Raden Saleh - Padang','08116603839','','MT','B',3,'4305109001\r\n','Dosen Tetap',NULL),('DSN-LB-095','Rani Fitriani','Payakumbuh','081380448870','','S.Psi, M.Psi, P','B',3,'','Dosen Luar Biasa',NULL),('DSN-LB-096','Khairani Muslim','Padang','085263590758','',', M.Pd','B',2,'','Dosen Luar Biasa',NULL),('DSN-LB-097','Muhammad Prima Ersya','Padang','','',', MH','B',2,'','Dosen Luar Biasa',NULL),('DSN-LB-098','Amalina','Padang','','',', M.Si','B',5,'1018099101','Dosen Luar Biasa',NULL),('DSN-LB-099','Dedet Deperiky','Jl. Beringin 4C Kec.Lolong Utara, Kota Padang','085263008581','',',SP, M.Si','B',3,'1030088702','Dosen Luar Biasa',NULL),('DSN-LB-100','Nurmina','Padang','','',', S.Pi, M.A','B',4,'','Dosen Luar Biasa',NULL),('DSN-LB-101','Mira Meilisa','Padang','085216036612','','M.Si','B',3,'','Dosen Luar Biasa',NULL),('DSN-LB-102','Wahyu Fitrianda Mufti','Bukittinggi','','','MT','B',3,'4329058701','Dosen Tetap',NULL),('DSN-LB-103','Yoakim Koba','Padang','08126797509','Drs','MM','B',3,'','Dosen Luar Biasa',NULL),('DSN-LB-104','Sudiaro Laiya','Padang','081363377357','Pdt','S.Th','A',3,'','Dosen Luar Biasa',NULL),('DSN-LB-105','Sefrianita Kamal','Padang','','',', M.Farm','B',2,'','Dosen Luar Biasa',NULL),('DSN-LB-106','Femi Earnestly','Padang','','Dr. ',', M.Si','A',2,'','Dosen Luar Biasa',NULL),('DSN-LB-107','Ivonne Ayesha','Padang','','Dr','MP','A',3,'','Dosen Luar Biasa',NULL),('DSN-LB-108','Dwi Kemala Putri','Padang','081374886375','',', S.Si, MT','B',5,'4302039101','Dosen Tetap',NULL),('DSN-LB-109','Syaiful Anwar','Padang','','',', S.IP','C',2,'','Dosen Luar Biasa',NULL),('DSN-LB-110','Yeni Trianda','Padang','','',', ST, M.Eng','B',5,'','Dosen Luar Biasa',NULL),('DSN-LB-111','Miftahul Khairati','Padang','','','','B',5,'','Dosen Luar Biasa',NULL),('DSN-LB-113','Levandri Balti','Padang','','',', M.Hum','B',4,'','Dosen Luar Biasa',NULL),('DSN-LB-114','Hilfi Pardi','Padang','','',', M.Si','B',4,'','Dosen Luar Biasa',NULL),('DSN-LB-115','Belinda Analido','Padang','','','','B',4,'','Dosen Luar Biasa',NULL),('DSN-LB-180','Hadigufri Triha','Padang','085274421712','','MT','B',3,'','Dosen Luar Biasa',NULL),('DSN-LB-181','Inna Kholidasari','Padang','','','Ph.D','A',3,'','Dosen Luar Biasa',NULL),('DSN-LB-182','Verra Syahmer','Padang','085263331862','','MT','B',3,'','Dosen Luar Biasa',NULL),('DSN-LB-183','Yudo Purnomo','Padang','081363286826','','MT','B',3,'','Dosen Luar Biasa',NULL),('DSN-LB-189','Silvia Indriani','Padang ','081363381384','','S.Pd','C',3,'','Dosen Luar Biasa',NULL),('DSN-LB-190','Mutiara Yetrina','Padang','08116941069','','MT','B',3,'','Dosen Luar Biasa',NULL),('DSN-LB-191','Eky Erlanda Edel','Padang','','',', M.Pd','B',4,'','Dosen Luar Biasa',NULL),('DSN-LB-192','Suci Oktri Viarani M','Bukittinggi','085363892976','','MT','B',3,'4302109401\r\n','Dosen Tetap',NULL),('DSN-LB-193','Andika Putra R, M.Pd','padang','','','','B',4,'','Dosen Luar Biasa',NULL),('DSN-LB-194','Selfa Idriani, M.Pd','padang','','','','B',4,'','Dosen Luar Biasa',NULL),('DSN-LB-195','Desi Afrianti','Padang','','','','B',5,'','Dosen Luar Biasa',NULL),('DSN-LB-196','Eka Iswandy','Padang','','','','B',5,'','Dosen Luar Biasa',NULL),('DSN-LB-197','Susriyati','Lintau','081320141418','','MT','A',3,'','Dosen Luar Biasa',NULL),('DSN-LB-198','Daimon Syukri','Padang','','',', M.Si, Ph.D','A',5,'','Dosen Luar Biasa',NULL),('DSN-LB-199','Reni Sutri','Padang','','',', ST, M.Eng','B',5,'','Dosen Luar Biasa',NULL),('DSN-LB-200','Marnis Sriyanti','Padang','','',', M.Pd','B',4,'','Dosen Luar Biasa',NULL),('DSN-LB-201','Febrianto','Padang','','Dr. ',', M.Si','A',2,'','Dosen Luar Biasa',NULL),('DSN-LB-202','Jasrial Effendy','Padang','','','','B',5,'','Dosen Luar Biasa',NULL),('DSN-LB-203','Haris Syukri','Padang','','','','B',5,'','Dosen Luar Biasa',NULL),('DSN-LB-204','Setiawan','Padang','','',', SE, MM','B',3,'','Dosen Luar Biasa',NULL),('DSN-LB-205','Ade  Putra Nanda','Padang','','',', M,Kom','B',3,'','Dosen Luar Biasa',NULL),('DSN-LB-206','Ahmad Fikri Fajri','Padang','','',', M.Kom','B',3,'','Dosen Luar Biasa',NULL),('DSN-LB-207','Ane Titisesmita','Padang','','',', M.Psi','B',3,'','Dosen Luar Biasa',NULL),('DSN-LB-208','Ricki Ardiansyah','Padang','','',', M.Kom','B',5,'','Dosen Luar Biasa',NULL),('DSN-LB-209','Yoffie Kharisma Dewi','Padang','','','','B',4,'','Dosen Luar Biasa',NULL),('DSN-LB-210','Yessie Aldriani','Padang','','','','B',5,'','Dosen Luar Biasa',NULL),('DSN-LB-211','Trisno Adlan','Padang','','',', M.Pd','B',2,'','Dosen Luar Biasa',NULL),('DSN-LB-212','Yudia Rifki','Padang','','',', SS, M.Hum','B',2,'','Dosen Luar Biasa',NULL),('DSN-LB-36','Ranny Fitriany','Payakumbuh','','','M.Psi','B',2,'','Dosen Luar Biasa',NULL),('DSN-LB-37','Emilda','Padang','','','ST','C',2,'','Dosen Luar Biasa',NULL),('DSNLB025','Henmaidi','0','0','','Ph. D','B',3,'','Dosen Luar Biasa',NULL),('DSNLB029','Phil Nat Periadnadi','Padang','','DR.','','A',2,'','Dosen Luar Biasa',NULL),('DSNLB030','Hasnirwan','Lubuk Buaya','085263241329','Drs','M.Si','B',2,'','Dosen Luar Biasa',NULL),('KA001','Dosen AK','Padang','','','','B',2,'','Dosen Luar Biasa',NULL),('MI015','Dosen MI','Padang','','','','B',3,'12345','Dosen Luar Biasa',NULL),('MI016','Dosen MI2','Padang','','','','B',3,'12345','Dosen Luar Biasa',NULL),('MI017','Dosen MI3','Padang','','','','B',3,'12345','Dosen Luar Biasa',NULL),('MI018','Dosen MI4','Padang','','','','B',3,'12345','Dosen Luar Biasa',NULL),('MI161','Dedy Rahmad','Padang','081264615225','','STP, M.Sc','B',3,'4314068401','Dosen Tetap',NULL),('MI162','Gustiarini Rika Putri','Padang Panjang','','','SP, MP','B',3,'4319088601','Dosen Tetap',NULL),('SPI20','Dosen SPI','Padang','','','','B',4,'12345','Dosen Luar Biasa',NULL),('spi21','dosenspi','padang','','','','A',4,'','Dosen Luar Biasa',NULL),('tk100','Dosen TK','Padang','','','','B',5,'12345','Dosen Luar Biasa',NULL),('tk101','Dosen TK','padang','','','','A',5,'1234','Dosen Luar Biasa',NULL),('tk102','Dosen TK','padang','','','','A',5,'1234','Dosen Luar Biasa',NULL),('tk103','Dosen TK','padang','','','','A',5,'1234','Dosen Luar Biasa',NULL);

/*Table structure for table `m_groupmedia` */

DROP TABLE IF EXISTS `m_groupmedia`;

CREATE TABLE `m_groupmedia` (
  `id_group` int(11) NOT NULL AUTO_INCREMENT,
  `nama_group` varchar(50) DEFAULT NULL,
  `status_group` tinyint(1) DEFAULT 0,
  `sebagai_galery` tinyint(1) DEFAULT 0,
  `sebagai_ppid` tinyint(1) DEFAULT 0,
  `sebagai_download` tinyint(1) DEFAULT 0,
  PRIMARY KEY (`id_group`)
) ENGINE=InnoDB AUTO_INCREMENT=28 DEFAULT CHARSET=latin1;

/*Data for the table `m_groupmedia` */

insert  into `m_groupmedia`(`id_group`,`nama_group`,`status_group`,`sebagai_galery`,`sebagai_ppid`,`sebagai_download`) values (13,'Slider',1,0,0,0),(15,'Berita',1,0,0,0),(17,'Portofolio',1,0,0,0),(18,'Info',1,0,0,0),(19,'Pengumuman',1,0,0,0),(20,'Analisis Kimia',1,0,0,0),(21,'Managmen Logistik',1,0,0,0),(22,'Teknik Insutri Agro',1,0,0,0),(23,'Teknik Kimia Bahan Nabati',1,0,0,0),(24,'Teknologi Rekayasa Bipproses Energi Terbarukan',1,0,0,0),(25,'Sertifikat Akreditasi Analis Kimia',1,0,0,0),(26,'pintasan',1,0,0,0),(27,'Portofolio',1,0,0,0);

/*Table structure for table `m_izin` */

DROP TABLE IF EXISTS `m_izin`;

CREATE TABLE `m_izin` (
  `id_izin` int(11) NOT NULL AUTO_INCREMENT,
  `id_rumpun` int(11) DEFAULT NULL,
  `id_bidang` int(11) DEFAULT NULL,
  `id_tipe` int(11) DEFAULT NULL,
  `nama_perizinan` text DEFAULT NULL,
  `definisi` text DEFAULT NULL,
  `waktu_penyelesaian` varchar(100) DEFAULT NULL,
  `biaya` double DEFAULT 0,
  `status_perizinan` tinyint(1) DEFAULT NULL,
  PRIMARY KEY (`id_izin`)
) ENGINE=InnoDB AUTO_INCREMENT=62 DEFAULT CHARSET=latin1;

/*Data for the table `m_izin` */

insert  into `m_izin`(`id_izin`,`id_rumpun`,`id_bidang`,`id_tipe`,`nama_perizinan`,`definisi`,`waktu_penyelesaian`,`biaya`,`status_perizinan`) values (3,1,1,1,'Izin Pendirian Satuan Pendidian Formal (3 bulan)','Izin Pendirian Satuan Pendidikan Formal (3) bulan','10 hari sejak permohonan diterima secara lengkap dan benar',0,1),(4,1,1,1,'Izin Pendirian Satuan Pendidikan Dasar','Izin Untuk Mendirikan Satuan Pendidikan Dasar','10 Hari',0,1),(6,1,1,1,'Izin Pendirian Satuan PAUD KB/TPA/SBS','Izin Pendirian Satuan Pendidikan Anak Usia Dini (PAUD) berbentuk KB/TPA/SPS','60 Hari Kerja',0,1),(7,1,1,1,'Izin Pendirian Satuan PAUD TK/TKLB','Izin Pendirian Satuan Pendidikan Anak Usia Dini (PAUD) berbentuk TK/TKLB','60 hari kerja',0,1),(8,1,3,1,'Izin Mendirikan Bangunan','Izin Mendirikan Bangunan','14 Hari Kerja',0,1),(9,1,3,1,'Izin Usaha Jasa Konstruksi','Izin Usaha Jasa Konstruksi (IUJK)','5 Hari Kerja',0,1),(10,1,4,1,'Izin Pembangunan dan Pengembangan Perumahan','Izin Pembangunan dan Pengembangan Perumahan','10 Hari Kerja',0,1),(11,1,4,1,'Izin Pembangunan dan Pengembangan Kawasan Pemukima','Izin Pembangunan dan Pengembangan Kawasan Pemukiman','10 Hari Kerja',0,1),(12,1,8,2,'Izin Pendaurulangan Sampah/Pengelolaan Sampah','Izin Pendaurulangan Sampah/Pengelolaan Sampah, Pengangkutan Sampah dan Pemrosesan Akhir Sampah yang Diselenggarakan oleh Swasta','10 Hari Kerja',0,1),(13,1,8,2,'Izin Lingkungan untuk Usaha Wajib AMDAL','Izin Lingkungan untuk Usaha Wajib AMDAL','16 Hari Kerja',0,1),(14,1,8,2,'Izin Lingkungan untuk Usaha yang Wajib UPL/UKL','Izin Lingkungan untuk Usaha yang Wajib UPL/UKL','16 Hari Kerja',0,1),(15,1,8,2,'Izin Lingkungan untuk Usaha yang Wajib SPPL','Izin Lingkungan untuk Usaha yang Wajib SPPL','16 Hari Kerja',0,1),(16,1,8,1,'Izin Pembuangan Air Limbah','Izin Pembuangan Air Limbah','21 Hari Kerja',0,1),(17,1,8,2,'Izin Penyimpanan Limbah B3 (Bahan Berbahaya dan Be','Izin Penyimpanan Limbah B3 (Bahan Berbahaya dan Beracun)','21 Hari',0,1),(18,1,15,2,'Tanda Daftar Usaha Pariwisata (TDUP)','Tanda Daftar Usaha Pariwisata (TDUP)','14 Hari',0,1),(19,1,9,2,'Izin Penyelenggaraan dan Pengembangan Fasilitas Pa','Izin Penyelenggaraan dan Pengembangan Fasilitas Parkir','7 Hari',0,1),(20,1,9,2,'Persetujuan Hasil Analisa Dampak Lalu Lintas (AMDA','Persetujuan Hasil Analisa Dampak Lalu Lintas (AMDALLALIN) untuk Jalan Kota','- Hari',0,1),(21,1,9,2,'Izin Trayek','Izin Trayek','14 Hari',0,1),(22,1,12,1,'Izin Membawa Cagar Budaya ke Luar Daerah Kota Pada','Izin Membawa Cagar Budaya ke Luar Daerah Kota Padang Panjang','3 Hari',0,1),(23,1,14,2,'Izin Usaha Perikanan (IUP) di Bidang Pembudidayaan','Izin Usaha Perikanan (IUP) di Bidang Pembudidayaan Ikan','7 Hari',0,1),(24,1,2,2,'Izin Usaha Mikro Obat Tradisional (UMOT)','Izin Usaha Mikro Obat Tradisional (UMOT)','7 Hari',0,1),(25,1,2,2,'Izin Mendirikan Rumah Sakit Kelas C dan D','Izin Mendirikan Rumah Sakit Kelas C dan D','14 Hari Kerja',0,1),(26,1,2,2,'Izin Operasional Rumah Sakit Kelas C dan D','Izin Operasional Rumah Sakit Kelas C dan D','14 Hari Kerja',0,1),(27,1,2,2,'Izin Pusat Kesehatan Masyarakat (PUSKESMAS)','Izin Pusat Kesehatan Masyarakat (PUSKESMAS)','5 Hari Kerja',0,1),(28,1,2,2,'Izin Mendirikan Klinik','Izin Mendirikan Klinik','7 Hari Kerja',0,1),(29,1,2,2,'Izin Operasional Klinik','Izin Operasional Klinik','7 Hari Kerja',0,1),(30,1,2,1,'Izin Pendirian Apotik','Izin Pendirian Apotik','7 Hari',0,1),(31,1,2,1,'Izin Penyelenggaraan Apotik','Izin Penyelenggaraan Apotik','7 Hari',0,1),(32,1,2,2,'Izin Unit Transfusi Darah','Izin Unit Transfusi Darah','7 Hari',0,1),(33,1,2,1,'Izin Toko Obat','Izin Mendirikan Laboratorium Klinik/Kesehatan','5 Hari',0,1),(34,1,2,1,'Izin Toko Alat Kesehatan','Izin Toko Alat Kesehatan','7 Hari',0,1),(35,1,2,1,'Izin Fasilitas Pelayanan Kesehatan Tradisional','Izin Fasilitas Pelayanan Kesehatan Tradisional','14 Hari',0,1),(36,1,2,1,'Izin Depot Air Minum','Izin Depot Air Minum','14 Hari',0,1),(37,1,2,1,'Surat Izin Praktek Apoteker (SIPA)','Surat Izin Praktek Apoteker (SIPA) dan Surat Izin Praktek Tenaga Teknis Kefarmasian (SIPTTK)','5 Hari',0,1),(38,1,2,1,'Surat Izin Kerja Tenaga Gizi (SIKTGz)','Surat Izin Kerja Tenaga Gizi (SIKTGz)','5 Hari',0,1),(39,1,2,1,'Surat Izin Praktek Tenaga Gizi (SIPTGz)','Surat Izin Praktek Tenaga Gizi (SIPTGz)','5 Hari',0,1),(40,1,2,1,'Surat Izin Kerja Tenaga Sanitarian (SIKTS)','Surat Izin Kerja Tenaga Sanitarian (SIKTS)','5 Hari',0,1),(41,1,2,1,'Surat Izin Praktek Ahli Teknologi Laboratorium Med','Surat Izin Praktek Ahli Teknologi Laboratorium Medik (SIP-ATLM)','5 Hari',0,1),(42,1,2,1,'Surat Izin Praktek Bidan (SIPB)','Surat Izin Praktek Bidan (SIPB)','5 Hari',0,1),(43,1,2,1,'Surat Izin Praktek Perawat (SIPP)','Surat Izin Praktek Perawat (SIPP)','5 Hari',0,1),(44,1,2,1,'Surat Izin Kerja Perawat (SIKP)','Surat Izin Kerja Perawat (SIKP)','5 Hari',0,1),(45,1,2,1,'Surat Izin Praktek Dokter (SIP) untuk Dokter dan D','Surat Izin Praktek Dokter (SIP) untuk Dokter dan Dokter Gigi','5 Hari',0,1),(46,1,2,1,'Surat Izin Kerja Refraksionis Optisien (SIKRO)','Surat Izin Kerja Refraksionis Optisien (SIKRO)','5 Hari',0,1),(47,1,7,1,'Izin Lokasi ','Izin Lokasi','7 Hari',0,1),(48,1,10,2,'Izin Usaha Simpan Pinjam untuk Koperasi','Izin Usaha Simpan Pinjam untuk Koperasi','5 hARI',0,1),(49,1,10,2,'Izin Pembukaan Kantor Cabang Pembantu dan Kantor K','Izin Pembukaan Kantor Cabang Pembantu dan Kantor Kas Koperasi Simpan Pinjam untuk Koperasi','5 Hari',0,1),(50,1,16,2,'Izin Usaha Budidaya Tanaman Pangan (IUTP)','Izin Usaha Budidaya Tanaman Pangan (IUTP)','7 Hari',0,1),(51,1,2,1,'Surat Izin Kerja Optometris (SIKO)','Surat Izin Kerja Optometris (SIKO)','5 Hari',0,1),(52,1,2,1,'Surat Izin Kerja Radiografer (SIKR)','Surat Izin Kerja Radiografer (SIKR)','5 Hari',0,1),(53,1,2,1,'Surat Izin Praktek Fisioterapis (SIPF)','Surat Izin Praktek Fisioterapis (SIPF)','5 Hri',0,1),(54,1,2,1,'Surat Izin Kerja Fisioterapis (SIKF)','Surat Izin Kerja Fisioterapis (SIKF)','5 Hari',0,1),(55,1,2,1,'Surat Izin Kerja Teknisi Gigi','Surat Izin Kerja Teknisi Gigi (SIKTG)','5 Hari',0,1),(56,1,2,1,'Surat Izin Kerja Teknis Pelayanan Darah (SIK-TTD)','SUrat Izin Kerja Teknis Pelayanan Darah (SIK-TTD)','5 Hari',0,1),(57,1,2,1,'Surat Izin Kerja Perekam Medis (SIK-PM)','Surat Izin Kerja Perekam Medis (SIK-PM)','5 Hari',0,1),(58,1,2,1,'Surat Izin Kerja Ortotis Protesis (SIKOP)','Surat Izin Kerja Ortotis Protesis (SIKOP)','5 Hari',0,1),(59,1,2,1,'Surat Izin Praktek Ortotis Protesis (SIPOP)','Surat Izin Praktek Ortotis Protesis (SIPOP)','5 Hari',0,1),(60,1,2,1,'Surat Izin Praktek Penata Anastesi (SIPPA)','Surat Izin Praktek Penata Anastesi (SIPPA)','5 Hari',0,1),(61,1,2,1,'Sertifikat P-IRT','Sertifikat Pangan Industri Rumah Tangga (P-IRT)','5 Hari',0,1);

/*Table structure for table `m_kategori` */

DROP TABLE IF EXISTS `m_kategori`;

CREATE TABLE `m_kategori` (
  `id_kategori` int(11) NOT NULL AUTO_INCREMENT,
  `nama_kategori` varchar(40) DEFAULT NULL,
  `link_kategori` varchar(50) DEFAULT NULL,
  `status_kategori` tinyint(1) DEFAULT NULL,
  PRIMARY KEY (`id_kategori`)
) ENGINE=InnoDB AUTO_INCREMENT=16 DEFAULT CHARSET=latin1;

/*Data for the table `m_kategori` */

insert  into `m_kategori`(`id_kategori`,`nama_kategori`,`link_kategori`,`status_kategori`) values (1,'Uncategory','uncategory',1),(13,'News','news',1),(14,'Teknologi','teknologi',1),(15,'Kesehatan','kesehatan',1);

/*Table structure for table `m_media` */

DROP TABLE IF EXISTS `m_media`;

CREATE TABLE `m_media` (
  `id_media` int(11) NOT NULL AUTO_INCREMENT,
  `id_groupmedia` int(11) DEFAULT NULL,
  `namafile` text DEFAULT NULL,
  `keterangan` text DEFAULT NULL,
  `status_media` tinyint(1) DEFAULT NULL,
  PRIMARY KEY (`id_media`)
) ENGINE=InnoDB AUTO_INCREMENT=144 DEFAULT CHARSET=latin1;

/*Data for the table `m_media` */

insert  into `m_media`(`id_media`,`id_groupmedia`,`namafile`,`keterangan`,`status_media`) values (4,3,'partner_03052020_IMG_20200106_072844.jpg','Test',1),(11,3,'partner_05052020_FB_IMG_1580432711404.jpg','TeST',1),(15,3,'partner_06052020_FB_IMG_1584081150040.jpg','TEST',1),(16,3,'partner_06052020_FB_IMG_1580432711404.jpg','TEST',1),(57,13,'POST_13062020_partner_02052020_IMG_20200106_072844.jpg','partner_02052020_IMG_20200106_072844.jpg',1),(59,13,'POST_13062020_Banner_AMDK.jpg','Banner AMDK.jpg',1),(60,13,'POST_13062020_SLIDER_14112019_slide_5.jpg','SLIDER_14112019_slide_5.jpg',1),(61,20,'POST_14062020_analisis_kimia.png','Analisis Kimia',1),(66,15,'POST_14062020_SOPinfopublik.jpg','SOPinfopublik.jpg',1),(67,15,'POST_14062020_SOPinfopublik2.png','SOPinfopublik2.png',1),(68,20,'POST_14062020_DSC_3465.jpg','DSC_3465.jpg',1),(69,20,'POST_14062020_DSC_3520.jpg','DSC_3520.jpg',1),(70,20,'POST_14062020_DSC_3529.jpg','DSC_3529.jpg',1),(72,21,'POST_14062020_DSC_5660.jpg','DSC_5660.jpg',1),(73,21,'POST_14062020_DSC_3682.jpg','DSC_3682.jpg',1),(78,21,'POST_14062020_DSC_5655.jpg','DSC_5655.jpg',1),(79,22,'POST_16062020_DSC_4088.jpg','DSC_4088.jpg',1),(80,22,'POST_16062020_DSC_4095.jpg','DSC_4095.jpg',1),(81,22,'POST_16062020_DSC_4203.jpg','DSC_4203.jpg',1),(82,22,'POST_16062020_DSC_4244.jpg','DSC_4244.jpg',1),(83,23,'POST_16062020_DSC_3465.jpg','DSC_3465.jpg',1),(84,23,'POST_16062020_DSC_3520.jpg','DSC_3520.jpg',1),(85,23,'POST_16062020_DSC_3529.jpg','DSC_3529.jpg',1),(86,24,'POST_16062020_DSC_4316.jpg','DSC_4316.jpg',1),(87,24,'POST_16062020_DSC_4266.jpg','DSC_4266.jpg',1),(88,24,'POST_16062020_DSC_4366.jpg','DSC_4366.jpg',1),(89,20,'POST_18062020_struktur-AK-1024x576.jpg','struktur-AK-1024x576.jpg',1),(90,25,'POST_19062020_Sertifikat_Akreditasi_Prodi_Kimia_Analisis_5_Oktober_2006_-_5_Oktober_2009.pdf','Sertifikat Akreditasi Prodi Kimia Analisis 5 Oktober 2006 - 5 Oktober 2009.pdf',1),(91,25,'POST_19062020_Sertifikat_Akreditasi_Prodi_Kimia_Analisis_10_Juli_2009_-_10_Juli_2014.pdf','Sertifikat Akreditasi Prodi Kimia Analisis 10 Juli 2009 - 10 Juli 2014.pdf',1),(92,25,'POST_19062020_Sertifikat_Akreditasi_Prodi_Analisis_Kimia_29_Desember_2014_-_28_Desember_2019.pdf','Sertifikat Akreditasi Prodi Analisis Kimia 29 Desember 2014 - 28 Desember 2019.pdf',1),(93,25,'POST_19062020_Sertifikat_Akreditasi_Prodi_Analisis_Kimia_10_September_2019_-_10_September_2024.pdf','Sertifikat Akreditasi Prodi Analisis Kimia 10 September 2019 - 10 September 2024.pdf',1),(94,15,'POST_21062020_DSC_3533.jpg','DSC_3533.jpg',1),(95,15,'POST_21062020_DSC_3533.jpg','DSC_3533.jpg',1),(96,15,'POST_21062020_DSC_3512.jpg','DSC_3512.jpg',1),(105,26,'MEDIA_1_announcement.png','Announcment',1),(106,26,'MEDIA_2_book.png','Book',1),(107,26,'MEDIA_3_career.png','Career',1),(108,26,'MEDIA_4_check.png','Check',1),(109,26,'MEDIA_5_chemistry.png','Chemistri',1),(110,26,'MEDIA_6_Click.png','Click',1),(111,26,'MEDIA_7_computer.png','Coumputer',1),(112,26,'MEDIA_8_cooperation.png','Cooperation',1),(113,26,'MEDIA_9_deal.png','Deal',1),(114,26,'MEDIA_10_discussion.png','Discussion',1),(115,26,'MEDIA_1_files.png','Files',1),(116,26,'MEDIA_2_good.png','Good',1),(117,26,'MEDIA_3_graduation.png','Graduation',1),(118,26,'MEDIA_4_grapic.png','Grafic',1),(119,26,'MEDIA_5_info.png','Info',1),(120,26,'MEDIA_6_integration.png','Integration',1),(121,26,'MEDIA_7_list.png','List',1),(122,26,'MEDIA_8_medical.png','Medical',1),(123,26,'MEDIA_9_meeting.png','Meeting',1),(124,26,'MEDIA_10_online-class.png','Online Class',1),(125,26,'MEDIA_1_person.png','Person',1),(126,26,'MEDIA_2_place.png','Place',1),(127,26,'MEDIA_3_portfolio.png','Portfolio',1),(128,26,'MEDIA_4_quality.png','Quality',1),(129,26,'MEDIA_5_security.png','Security',1),(130,26,'MEDIA_6_target.png','Target',1),(131,26,'MEDIA_7_tec.png','Tec',1),(132,26,'MEDIA_8_warehouse.png','Warehouse',1),(133,26,'MEDIA_9_www.png','www',1),(134,21,'MEDIA_1_Manajemen_Logistik_Industri_Agro.png','-',1),(135,22,'MEDIA_1_Teknik_Industri_Agro.png','T',1),(136,23,'MEDIA_1_Teknik_Kimia_Bahan_Nabati.png','T',1),(137,24,'MEDIA_1_Teknologi_Rekayasa_Bioproses.png','T',1),(138,27,'POST_26062020_Hand_Sanitaizer_1.jpg','Hand Sanitaizer 1.jpg',1),(139,27,'POST_26062020_Hand_Sanitaizer_2.jpg','Hand Sanitaizer 2.jpg',1),(140,27,'POST_26062020_Hand_sanitaizer.jpg','Hand sanitaizer.jpg',1),(141,27,'POST_26062020_Produk_Bening.jpg','Produk Bening.jpg',1),(142,27,'POST_26062020_Proses_Produk_Bening.jpg','Proses Produk Bening.jpg',1),(143,27,'POST_26062020_Proses_Produk_Bening1.jpg','Proses Produk Bening1.jpg',1);

/*Table structure for table `m_menu` */

DROP TABLE IF EXISTS `m_menu`;

CREATE TABLE `m_menu` (
  `menu_id` int(11) NOT NULL AUTO_INCREMENT,
  `menu_judul` varchar(50) DEFAULT NULL,
  `menu_link` varchar(50) DEFAULT NULL,
  `menu_baseurl` tinyint(1) DEFAULT 1,
  `menu_idxutama` int(11) DEFAULT NULL,
  `menu_idxanak` int(11) DEFAULT 0,
  `menu_top` tinyint(1) NOT NULL DEFAULT 0,
  `menu_newtab` tinyint(1) NOT NULL DEFAULT 0,
  `menu_status` tinyint(1) DEFAULT NULL,
  PRIMARY KEY (`menu_id`)
) ENGINE=InnoDB AUTO_INCREMENT=74 DEFAULT CHARSET=latin1;

/*Data for the table `m_menu` */

insert  into `m_menu`(`menu_id`,`menu_judul`,`menu_link`,`menu_baseurl`,`menu_idxutama`,`menu_idxanak`,`menu_top`,`menu_newtab`,`menu_status`) values (2,'Profile','profile',1,1,0,1,0,1),(3,'SPM-PT','spm-pt',1,2,0,1,0,1),(4,'Akademik','akademik',1,3,0,1,0,1),(47,'Informasi Layanan','informasi-layanan',1,4,0,1,0,1),(48,'Informasi Publik','infroemasi-publik',1,5,0,1,0,1),(72,'Zona Integrasi','zona-integrasi',1,6,0,1,0,1);

/*Table structure for table `m_menuanak` */

DROP TABLE IF EXISTS `m_menuanak`;

CREATE TABLE `m_menuanak` (
  `anak_id` int(11) NOT NULL AUTO_INCREMENT,
  `anak_indukid` int(11) DEFAULT NULL,
  `anak_modulid` int(11) DEFAULT NULL,
  `anak_urut` int(11) DEFAULT NULL,
  `anak_status` tinyint(1) DEFAULT NULL,
  PRIMARY KEY (`anak_id`)
) ENGINE=InnoDB AUTO_INCREMENT=26 DEFAULT CHARSET=latin1;

/*Data for the table `m_menuanak` */

insert  into `m_menuanak`(`anak_id`,`anak_indukid`,`anak_modulid`,`anak_urut`,`anak_status`) values (2,3,2,1,1),(3,4,3,2,1),(11,3,10,2,1),(12,3,11,7,1),(13,2,16,2,1),(14,2,17,1,1),(15,4,12,1,1),(17,3,19,8,1),(18,4,20,3,1),(19,2,21,3,1),(20,2,22,4,1),(22,3,24,4,1),(23,3,25,5,1),(24,3,26,6,1),(25,3,27,3,1);

/*Table structure for table `m_menuinduk` */

DROP TABLE IF EXISTS `m_menuinduk`;

CREATE TABLE `m_menuinduk` (
  `induk_id` int(11) NOT NULL AUTO_INCREMENT,
  `induk_nama` varchar(30) DEFAULT NULL,
  `induk_urut` int(11) DEFAULT NULL,
  `induk_icon` varchar(25) DEFAULT NULL,
  PRIMARY KEY (`induk_id`)
) ENGINE=InnoDB AUTO_INCREMENT=6 DEFAULT CHARSET=latin1;

/*Data for the table `m_menuinduk` */

insert  into `m_menuinduk`(`induk_id`,`induk_nama`,`induk_urut`,`induk_icon`) values (1,'Data Master',1,'fa fa-cubes'),(2,'Media',2,'fa fa-picture-o'),(3,'Content',3,'fa fa-tasks'),(4,'Setting',4,'fa fa-gear'),(5,'Info',5,'fa fa-info');

/*Table structure for table `m_moduls` */

DROP TABLE IF EXISTS `m_moduls`;

CREATE TABLE `m_moduls` (
  `id_modul` int(11) NOT NULL AUTO_INCREMENT,
  `nama_modul` varchar(50) DEFAULT NULL,
  `link` varchar(30) DEFAULT NULL,
  `status_modul` tinyint(1) DEFAULT NULL,
  PRIMARY KEY (`id_modul`)
) ENGINE=InnoDB AUTO_INCREMENT=28 DEFAULT CHARSET=latin1;

/*Data for the table `m_moduls` */

insert  into `m_moduls`(`id_modul`,`nama_modul`,`link`,`status_modul`) values (2,'Kategori','kategori',1),(3,'Admin','admin',1),(10,'Berita','berita',1),(11,'Komentar','komentar',1),(12,'Role','role',1),(13,'Role Akses','role_akses',1),(16,'Slider','slider',1),(17,'Media','media',1),(18,'Group Media','group_media',1),(19,'Faq','pertanyaan_umum',1),(20,'Menu','menu',1),(21,'Pintasan Menu','pintasan',1),(22,'Partner','partner',1),(24,'Halaman','halaman',1),(25,'Pengumuman','pengumuman',1),(26,'Portofolio','portofolio',1),(27,'Prodi','prodi',1);

/*Table structure for table `m_role` */

DROP TABLE IF EXISTS `m_role`;

CREATE TABLE `m_role` (
  `role_id` int(11) NOT NULL AUTO_INCREMENT,
  `role_nama` varchar(30) DEFAULT NULL,
  `role_group` enum('Admin','Pemohon') DEFAULT 'Admin',
  PRIMARY KEY (`role_id`)
) ENGINE=InnoDB AUTO_INCREMENT=14 DEFAULT CHARSET=latin1;

/*Data for the table `m_role` */

insert  into `m_role`(`role_id`,`role_nama`,`role_group`) values (1,'Administrator','Admin');

/*Table structure for table `m_role_akses` */

DROP TABLE IF EXISTS `m_role_akses`;

CREATE TABLE `m_role_akses` (
  `id_akses` int(11) NOT NULL AUTO_INCREMENT,
  `role_id` int(11) DEFAULT NULL,
  `modul_id` int(11) DEFAULT NULL,
  `id_aksi` int(11) DEFAULT 1,
  `tampil_menu` tinyint(1) DEFAULT 1,
  PRIMARY KEY (`id_akses`)
) ENGINE=InnoDB AUTO_INCREMENT=183 DEFAULT CHARSET=latin1;

/*Data for the table `m_role_akses` */

insert  into `m_role_akses`(`id_akses`,`role_id`,`modul_id`,`id_aksi`,`tampil_menu`) values (7,1,2,1,1),(8,1,2,2,0),(9,1,2,3,0),(10,1,2,4,0),(11,1,3,1,1),(12,1,3,2,0),(13,1,3,3,0),(14,1,3,4,0),(39,1,10,1,1),(40,1,10,2,0),(41,1,10,3,0),(42,1,10,4,0),(43,1,11,1,1),(46,1,11,4,0),(47,1,12,1,1),(48,1,12,2,0),(49,1,12,3,0),(50,1,12,4,0),(51,1,13,1,1),(52,1,13,2,0),(53,1,13,3,0),(54,1,13,4,0),(59,1,15,1,1),(60,1,15,2,1),(61,1,15,3,1),(62,1,15,4,1),(63,1,16,1,1),(64,1,16,2,1),(65,1,16,3,1),(66,1,16,4,1),(67,1,17,1,1),(68,1,17,2,1),(69,1,17,3,1),(70,1,17,4,1),(76,1,19,1,1),(77,1,19,2,1),(78,1,19,3,1),(79,1,19,4,1),(80,1,20,1,1),(81,1,20,2,1),(82,1,20,3,1),(83,1,20,4,1),(84,1,10,5,1),(85,1,21,1,1),(86,1,21,2,1),(87,1,21,3,1),(88,1,21,4,1),(89,1,22,1,1),(90,1,22,2,1),(91,1,22,3,1),(92,1,22,4,1),(117,3,10,1,1),(118,3,10,2,1),(119,3,10,3,1),(120,3,10,4,1),(122,3,11,1,1),(123,3,11,4,1),(124,2,10,1,1),(125,2,10,2,1),(126,2,10,3,1),(127,2,10,4,1),(128,2,10,5,1),(129,2,11,4,1),(130,2,11,1,1),(131,2,16,1,1),(132,2,16,2,1),(133,2,16,3,1),(134,2,16,4,1),(135,2,17,1,1),(136,2,17,2,1),(137,2,17,3,1),(138,2,17,4,1),(139,2,19,1,1),(140,2,19,2,1),(141,2,19,3,1),(142,2,19,4,1),(143,2,20,1,1),(144,2,20,2,1),(145,2,20,3,1),(146,2,20,4,1),(147,2,21,1,1),(148,2,21,2,1),(149,2,21,3,1),(150,2,21,4,1),(151,2,22,1,1),(152,2,22,2,1),(153,2,22,3,1),(154,2,22,4,1),(158,1,10,6,1),(159,1,10,7,1),(160,1,10,8,1),(161,1,10,9,1),(162,1,10,10,1),(163,1,24,1,1),(164,1,24,2,1),(165,1,24,3,1),(166,1,24,4,1),(167,1,24,5,1),(168,1,25,1,1),(169,1,25,2,1),(170,1,25,3,1),(171,1,25,4,1),(172,1,25,5,1),(173,1,26,1,1),(174,1,26,2,1),(175,1,26,3,1),(176,1,26,4,1),(177,1,26,5,1),(178,1,27,1,1),(179,1,27,2,1),(180,1,27,3,1),(181,1,27,4,1),(182,1,27,5,1);

/*Table structure for table `m_role_aksi` */

DROP TABLE IF EXISTS `m_role_aksi`;

CREATE TABLE `m_role_aksi` (
  `id` int(11) NOT NULL AUTO_INCREMENT,
  `modul_id` int(11) DEFAULT NULL,
  `aksi_id` int(11) DEFAULT NULL,
  PRIMARY KEY (`id`)
) ENGINE=InnoDB AUTO_INCREMENT=112 DEFAULT CHARSET=latin1;

/*Data for the table `m_role_aksi` */

insert  into `m_role_aksi`(`id`,`modul_id`,`aksi_id`) values (5,2,1),(6,2,2),(7,2,3),(8,2,4),(9,3,1),(10,3,2),(11,3,3),(12,3,4),(33,10,1),(34,10,2),(35,10,3),(36,10,4),(37,10,5),(38,11,1),(41,11,4),(42,12,1),(43,12,2),(44,12,3),(45,12,4),(46,13,1),(47,13,2),(48,13,3),(49,13,4),(54,15,1),(55,15,2),(56,15,3),(57,15,4),(58,16,1),(59,16,2),(60,16,3),(61,16,4),(62,17,1),(63,17,2),(64,17,3),(65,17,4),(66,19,1),(67,19,2),(68,19,3),(69,19,4),(70,20,1),(71,20,2),(72,20,3),(73,20,4),(74,21,1),(75,21,2),(76,21,3),(77,21,4),(78,22,1),(79,22,2),(80,22,3),(81,22,4),(92,24,1),(93,24,2),(94,24,3),(95,24,4),(96,24,5),(97,25,1),(98,25,2),(99,25,3),(100,25,4),(101,25,5),(102,26,1),(103,26,2),(104,26,3),(105,26,4),(106,26,5),(107,27,1),(108,27,2),(109,27,3),(110,27,4),(111,27,5);

/*Table structure for table `m_users` */

DROP TABLE IF EXISTS `m_users`;

CREATE TABLE `m_users` (
  `username` varchar(32) NOT NULL,
  `password` char(32) DEFAULT NULL,
  `ref_id` int(11) DEFAULT NULL,
  `nama_lengkap` varchar(50) DEFAULT NULL,
  `group_user` enum('Pemohon','Admin') DEFAULT NULL,
  `role` int(11) DEFAULT 1,
  `status_user` tinyint(1) DEFAULT NULL,
  PRIMARY KEY (`username`)
) ENGINE=InnoDB DEFAULT CHARSET=latin1;

/*Data for the table `m_users` */

insert  into `m_users`(`username`,`password`,`ref_id`,`nama_lengkap`,`group_user`,`role`,`status_user`) values ('admin','21232f297a57a5a743894a0e4a801fc3',1,'Reski Yulian Fauzan','Admin',1,1),('atiek','74394f6d1dfd2cca8548b7b647623212',5,'Rochayati','Admin',7,1),('backoffice','827ccb0eea8a706c4c34a16891f84e7b',13,'Akun Back Office','Admin',8,1),('bajoebel','9b40893feaeef4adcc6636019473aab0',3,'WANHAR AZRI','Admin',4,1),('cawaik','e10adc3949ba59abbe56e057f20f883e',8,'Darmiwati','Admin',4,1),('ermawati','e10adc3949ba59abbe56e057f20f883e',11,'Ermawati','Admin',5,1),('ewa','e26d537ebf77530a5473940314f8e8a2',6,'Ewasoska','Admin',11,1),('febrianus','e10adc3949ba59abbe56e057f20f883e',12,'Febrianus','Admin',5,1),('fo','202cb962ac59075b964b07152d234b70',15,'Front Office','Admin',4,1),('kasi','b68fcc3e90e4fecf7182587472526728',4,'Nama Kasi','Admin',5,1),('oksah','0c41c648cdb69c1f6b3583831997f2db',7,'Oksah Keebendrip','Admin',9,1),('retno','e10adc3949ba59abbe56e057f20f883e',9,'Retno Hening','Admin',4,1),('rimaback','e10adc3949ba59abbe56e057f20f883e',16,'Rima Amanda','Admin',8,1),('teknis','827ccb0eea8a706c4c34a16891f84e7b',14,'Akun TIm Teknis','Admin',10,1),('yunelita','e10adc3949ba59abbe56e057f20f883e',10,'Yunelita Kahar','Admin',5,1);

/*Table structure for table `p_content` */

DROP TABLE IF EXISTS `p_content`;

CREATE TABLE `p_content` (
  `content_id` int(11) NOT NULL AUTO_INCREMENT,
  `content_kategoriid` int(11) DEFAULT NULL,
  `content_judul` varchar(100) DEFAULT NULL,
  `content_isi` text DEFAULT NULL,
  `content_tglpost` datetime DEFAULT NULL,
  `content_tglpublish` date DEFAULT NULL,
  `content_tglexp` date DEFAULT NULL,
  `content_thumb` text DEFAULT NULL,
  `content_link` varchar(100) DEFAULT NULL,
  `content_tag` text DEFAULT NULL,
  `content_tipe` enum('Halaman','Berita','Pengumuman','Prodi','Portofolio') DEFAULT NULL,
  `content_komentar` tinyint(1) DEFAULT NULL,
  `content_status` enum('Draft','Publish','Unpublish') DEFAULT NULL,
  `content_top` tinyint(1) DEFAULT 0,
  `content_hits` int(11) DEFAULT 0,
  `userinput` varchar(30) DEFAULT NULL,
  PRIMARY KEY (`content_id`)
) ENGINE=InnoDB AUTO_INCREMENT=27 DEFAULT CHARSET=latin1;

/*Data for the table `p_content` */

insert  into `p_content`(`content_id`,`content_kategoriid`,`content_judul`,`content_isi`,`content_tglpost`,`content_tglpublish`,`content_tglexp`,`content_thumb`,`content_link`,`content_tag`,`content_tipe`,`content_komentar`,`content_status`,`content_top`,`content_hits`,`userinput`) values (2,1,'Analisis Kimia','<p>Program Studi Analisis Kimia (D3) Politeknik ATI Padang telah menghasilkan lulusan yang tersebar diseluruh Indonesia</p><p><br></p><img src=\"http://localhost/atip/uploads/media/original/POST_14062020_DSC_3465.jpg\" class=\"img img-responsive\">','2020-06-25 16:38:07','2020-06-16','0000-00-00','POST_14062020_analisis_kimia.png','analisis-kimia','analisis kimia,indutri kimia','Prodi',0,'Publish',0,0,'admin'),(3,1,'Managemen Logistrik industri Agro','<p>                                                    Pada kenyataannya saat ini terdapat kesenjangan yang sangat besar antara kebutuhan tenaga logistik</p><p><br></p><img src=\"http://localhost/atip/uploads/media/original/POST_14062020_DSC_3682.jpg\" class=\"img img-responsive\">','2020-06-25 16:37:50','2020-06-16','0000-00-00','MEDIA_1_Manajemen_Logistik_Industri_Agro.png','managemen-logistrik-industri-agro','mangement logistik,industri agro','Prodi',0,'Publish',0,0,'admin'),(4,1,'Teknik Industri Agro','<p>                                                    Menghasilkan SDM Yang Kompeten dalam mengelola sistem industri yang mengintegrasikan energi pada industri agro</p><p><br></p><img src=\"http://localhost/atip/uploads/media/original/POST_16062020_DSC_4088.jpg\" class=\"img img-responsive\">','2020-06-25 16:37:13','2020-06-16','0000-00-00','MEDIA_1_Teknik_Industri_Agro.png','teknik-industri-agro','Industri,Agro','Prodi',0,'Publish',0,0,'admin'),(5,1,'Teknik Kimia Bahan Nabati','<p>                                                    Ilmu Teknik Atau Rekayasa yang mempelajari pemrosesan bahan alam mentah berupa bahan nabati menjadi Produk yang leboh berguna</p><p><br></p><img src=\"http://localhost/atip/uploads/media/original/POST_16062020_DSC_3465.jpg\" class=\"img img-responsive\">','2020-06-25 16:36:47','2020-06-16','0000-00-00','MEDIA_1_Teknik_Kimia_Bahan_Nabati.png','teknik-kimia-bahan-nabati','teknik kimia,nabati','Prodi',0,'Publish',0,0,'admin'),(6,1,'Teknologi Rekayasa Bioproses Energi Terbarukan','Select The agent you feel will represent you and your famuly best<br><img src=\"http://localhost/atip/uploads/media/original/POST_16062020_DSC_4316.jpg\" class=\"img img-responsive\">','2020-06-25 16:35:56','2020-06-16','0000-00-00','MEDIA_1_Teknologi_Rekayasa_Bioproses.png','teknologi-rekayasa-bioproses-energi-terbarukan','bioproses,teknologi,rekayasa','Prodi',0,'Publish',0,0,'admin'),(10,1,'Profile','Profile ATI Padang<br>','2020-06-21 11:18:59','2020-06-16','0000-00-00','POST_16062020_DSC_4316.jpg','profile','test,tere','Halaman',0,'Publish',0,0,'admin'),(11,13,'Studi Banding Ke Dunia Insutri','<p>Test<br></p><img src=\"http://localhost/atip/uploads/media/original/POST_16062020_DSC_4316.jpg\" class=\"img img-responsive\">','2020-06-25 16:55:41','2020-06-16','0000-00-00','POST_16062020_DSC_4266.jpg','studi-banding-ke-dunia-insutri','dirumahaja,sosial distancing,covid19','Berita',0,'Publish',0,0,'admin'),(12,1,'Lomba Desaign Info Grafis Anti Korupsi','<p>Test&nbsp;&nbsp;&nbsp;&nbsp;<br></p><img src=\"http://localhost/atip/uploads/media/original/POST_16062020_DSC_3465.jpg\" class=\"img img-responsive\">','2020-06-21 15:37:43','2020-06-16','0000-00-00','POST_16062020_DSC_3465.jpg','lomba-desaign-info-grafis-anti-korupsi','dfsd,sdfds','Pengumuman',0,'Publish',0,0,'admin'),(13,1,'Produk Bening','<p>Portofolio&nbsp;&nbsp;&nbsp;&nbsp;<br></p><img src=\"http://localhost/atip/uploads/media/original/POST_16062020_DSC_3465.jpg\" class=\"img img-responsive\">','2020-06-26 01:24:54','2020-06-16','0000-00-00','POST_26062020_Produk_Bening.jpg,POST_26062020_Proses_Produk_Bening.jpg,POST_26062020_Proses_Produk_Bening1.jpg','produk-bening','port,folio','Portofolio',0,'Publish',0,0,'admin'),(15,1,'SPM-PT','<p>Halaman SPM-PT<br></p>','2020-06-21 11:19:42','2020-06-21','0000-00-00',NULL,'spm-pt','SPM-PT,Beasiswa','Halaman',0,'Publish',0,0,'admin'),(16,1,'Informasi Layanan','<p>Halaman Informasi-Layanan<br></p>','2020-06-21 11:20:26','2020-06-21','0000-00-00',NULL,'informasi-layanan','informasi,layanan','Halaman',0,'Publish',0,0,'admin'),(17,1,'Informasi Publik','<p>Halaman Informasi Publik<br></p>','2020-06-21 11:21:02','2020-06-21','0000-00-00',NULL,'informasi-publik','publik','Halaman',0,'Publish',0,0,'admin'),(18,1,'Akademik','<p>Halaman Akademik<br></p>','2020-06-21 11:21:35','2020-06-21','0000-00-00',NULL,'akademik','akademik','Halaman',0,'Publish',0,0,'admin'),(19,1,'Zona Integrasi','<p>Halaman Zona Integrasi<br></p>','2020-06-21 11:22:14','2020-06-21','0000-00-00',NULL,'zona-integrasi','integrasi','Halaman',0,'Publish',0,0,'admin'),(20,1,'COntoh Pengumuman Baru','<p>pengumumam<br></p>','2020-06-21 15:39:05','2020-06-21','0000-00-00','POST_14062020_DSC_5655.jpg','contoh-pengumuman-baru','pengumuman,contoh','Pengumuman',0,'Publish',1,0,'admin'),(21,1,'Cegah Covid 19 DI Politeknik ATI Padang','<p>Artikel COvid<br></p>','2020-06-25 16:55:07','2020-06-21','0000-00-00','POST_21062020_DSC_3533.jpg','cegah-covid-19-di-politeknik-ati-padang','covid19,dirumahaja,sosialdistancing','Berita',0,'Publish',1,0,'admin'),(22,13,'Pemberian Beasiswa kepada mahasiswa Berprestasi','<p><br></p>','2020-06-25 16:54:39','2020-06-21','0000-00-00','POST_21062020_DSC_3512.jpg','pemberian-beasiswa-kepada-mahasiswa-berprestasi','Beasiswa,prestasi,populer','Berita',0,'Publish',1,0,'admin'),(23,1,'Contoh artikel Berita terkini yang lagi booming','<p><br></p>','2020-06-25 16:54:26','2020-06-21','0000-00-00','POST_16062020_DSC_4266.jpg','contoh-artikel-berita-terkini-yang-lagi-booming','viral,populer','Berita',0,'Publish',1,0,'admin'),(24,1,'Contoh artikel Berita terkini yang lagi Viral di jagat Maya','<p><br></p>','2020-06-25 16:54:02','2020-06-22','0000-00-00','POST_16062020_DSC_4366.jpg','contoh-artikel-berita-terkini-yang-lagi-viral-di-jagat-maya','beasiswa,pintar','Berita',0,'Publish',1,0,'admin'),(25,1,'Berita akrangan aja ini hanya berupa contoh berita untuk ditampilka di top news','<p><br></p>','2020-06-25 16:50:05','2020-06-21','0000-00-00','POST_14062020_DSC_3682.jpg','berita-akrangan-aja-ini-hanya-berupa-contoh-berita-untuk-ditampilka-di-top-news','prestasi,pintar','Berita',0,'Publish',1,1,'admin'),(26,1,'Hand Sanitaizer','<p><br></p>','2020-06-26 01:24:31','2020-06-26','0000-00-00','POST_26062020_Hand_Sanitaizer_1.jpg,POST_26062020_Hand_Sanitaizer_2.jpg,POST_26062020_Hand_sanitaizer.jpg','hand-sanitaizer','','Portofolio',0,'Publish',0,0,'admin');

/*Table structure for table `p_faq` */

DROP TABLE IF EXISTS `p_faq`;

CREATE TABLE `p_faq` (
  `id_faq` int(11) NOT NULL AUTO_INCREMENT,
  `judul_faq` text DEFAULT NULL,
  `isi_faq` text DEFAULT NULL,
  `link_faq` varchar(50) DEFAULT NULL,
  `status_faq` tinyint(1) DEFAULT NULL,
  `userinput` varchar(30) DEFAULT NULL,
  PRIMARY KEY (`id_faq`)
) ENGINE=InnoDB AUTO_INCREMENT=3 DEFAULT CHARSET=latin1;

/*Data for the table `p_faq` */

insert  into `p_faq`(`id_faq`,`judul_faq`,`isi_faq`,`link_faq`,`status_faq`,`userinput`) values (1,'Apa bedanya akun perusahaan de','- Akun perusahaan dikhususkan untuk mengajukan dan memproses perizinan yang berhubungan dengan aktivitas perusahaan/badan usaha\r\n- Akun perorangan dikhususkan untuk mengajukan dan memproses perizinan/non perizinan yang berhubungan dengan individu pemohon atau badan usaha yang berbentuk perorangan\r\n\r\n','',1,''),(2,'Dokumen apa yang harus dipersi','1. Akun pelayanan perizinan dibedakan menjadi 2 (dua) kelompok yaitu akun perusahaan dan akun perorangan.\r\n2. Untuk mendaftar/memperoleh akun perusahaan/badan usaha, siapkan dokumen/data:\r\n       - Nomor NPWP Perusahaan\r\n       - Nama Perusahaan/Badan Usaha\r\n       - Alamat Email Perusahan/Pemilik Perusahaan\r\n       - Nomor Telepon Perusahaan/Pemilik Perusahaan\r\n3. Untuk mendaftar/memperoleh akun perorangan, siapkan dokumen/data\r\n       - Nomor Induk Kependudukan (NIK)\r\n       - Nomor Kartu Keluarga (KK)\r\n       - Nama pemohon\r\n       - Alamat email pemohon\r\n       - Nomor telepon pemohon','',1,'');

/*Table structure for table `p_komentar` */

DROP TABLE IF EXISTS `p_komentar`;

CREATE TABLE `p_komentar` (
  `id_komentar` int(11) NOT NULL AUTO_INCREMENT,
  `id_post` int(11) DEFAULT NULL,
  `email` varchar(50) DEFAULT NULL,
  `website` varchar(100) DEFAULT NULL,
  `nama` varchar(50) DEFAULT NULL,
  `komentar` text DEFAULT NULL,
  `tgl_komentar` datetime DEFAULT NULL,
  `status` tinyint(1) DEFAULT NULL,
  PRIMARY KEY (`id_komentar`)
) ENGINE=InnoDB AUTO_INCREMENT=2 DEFAULT CHARSET=latin1;

/*Data for the table `p_komentar` */

/*Table structure for table `p_lampiran` */

DROP TABLE IF EXISTS `p_lampiran`;

CREATE TABLE `p_lampiran` (
  `idx` int(11) NOT NULL AUTO_INCREMENT,
  `content_id` int(11) DEFAULT NULL,
  `tgl_lampiran` datetime DEFAULT NULL,
  `judul_lampiran` varchar(200) DEFAULT NULL,
  `jenis_lampiran` enum('Gambar','Link','Group') DEFAULT NULL,
  `isi_lampiran` text DEFAULT NULL,
  `link_lampiran` varchar(200) DEFAULT NULL,
  `userinput` char(32) DEFAULT NULL,
  PRIMARY KEY (`idx`)
) ENGINE=InnoDB AUTO_INCREMENT=9 DEFAULT CHARSET=utf8mb4;

/*Data for the table `p_lampiran` */

insert  into `p_lampiran`(`idx`,`content_id`,`tgl_lampiran`,`judul_lampiran`,`jenis_lampiran`,`isi_lampiran`,`link_lampiran`,`userinput`) values (3,2,'2020-06-18 14:48:54','Struktur Organisasi','Gambar','POST_18062020_struktur-AK-1024x576.jpg','struktur-organisasi','admin'),(5,2,'2020-06-25 17:49:32','Dokter Pengajar','Link','http://localhost/atip/dokter/analisis-kimia','dokter-pengajar','admin'),(7,2,'2020-06-19 16:14:52','Sertifikat Akreditasi','Group','25','sertifikat-akreditasi','admin');

/*Table structure for table `p_partner` */

DROP TABLE IF EXISTS `p_partner`;

CREATE TABLE `p_partner` (
  `partner_id` int(11) NOT NULL AUTO_INCREMENT,
  `partner_nama` varchar(30) DEFAULT NULL,
  `partner_link` varchar(100) DEFAULT NULL,
  `partner_img` varchar(100) DEFAULT NULL,
  `partner_status` tinyint(1) DEFAULT NULL,
  PRIMARY KEY (`partner_id`)
) ENGINE=InnoDB AUTO_INCREMENT=12 DEFAULT CHARSET=latin1;

/*Data for the table `p_partner` */

insert  into `p_partner`(`partner_id`,`partner_nama`,`partner_link`,`partner_img`,`partner_status`) values (10,'TESt','test','partner_06052020_FB_IMG_1580432711404.jpg',1),(11,'Coba','Coba','partner_06052020_FB_IMG_1584081150040.jpg',1);

/*Table structure for table `p_pintasan` */

DROP TABLE IF EXISTS `p_pintasan`;

CREATE TABLE `p_pintasan` (
  `pintasan_id` int(11) NOT NULL AUTO_INCREMENT,
  `pintasan_nama` varchar(30) DEFAULT NULL,
  `pintasan_link` varchar(100) DEFAULT NULL,
  `pintasan_img` varchar(100) DEFAULT NULL,
  `pintasan_status` tinyint(1) DEFAULT NULL,
  PRIMARY KEY (`pintasan_id`)
) ENGINE=InnoDB AUTO_INCREMENT=19 DEFAULT CHARSET=latin1;

/*Data for the table `p_pintasan` */

insert  into `p_pintasan`(`pintasan_id`,`pintasan_nama`,`pintasan_link`,`pintasan_img`,`pintasan_status`) values (11,'Laporan Kesehatan','#','pintasan_23062020_medical.png',1),(12,'Jurusan','#','pintasan_23062020_target.png',1),(13,'SBM-PT','#','pintasan_23062020_check.png',1),(14,'PMB Online','#','pintasan_23062020_online-class.png',1),(15,'Akademis','#','pintasan_23062020_graduation.png',1),(16,'Portal Akademis','#','pintasan_23062020_Click.png',1),(17,'Berita','#','pintasan_23062020_www.png',1),(18,'Info Layanan','#','pintasan_25062020_info.png',1);

/*Table structure for table `p_posting` */

DROP TABLE IF EXISTS `p_posting`;

CREATE TABLE `p_posting` (
  `id_posting` int(11) NOT NULL AUTO_INCREMENT,
  `id_kategori` int(11) DEFAULT NULL,
  `judul_posting` varchar(100) DEFAULT NULL,
  `isi_posting` text DEFAULT NULL,
  `tgl_posting` datetime DEFAULT NULL,
  `tgl_publish` date DEFAULT NULL,
  `tgl_exp` date DEFAULT NULL,
  `lampiran_gambar` varchar(50) DEFAULT NULL,
  `link_posting` varchar(100) DEFAULT NULL,
  `group_posting` enum('Halaman','Artikel') DEFAULT NULL,
  `status_komentar` tinyint(1) DEFAULT NULL,
  `status_posting` enum('Draft','Publish','Unpublish') DEFAULT NULL,
  `jml_hits` int(11) DEFAULT 0,
  `userinput` varchar(30) DEFAULT NULL,
  PRIMARY KEY (`id_posting`)
) ENGINE=InnoDB AUTO_INCREMENT=36 DEFAULT CHARSET=latin1;

/*Data for the table `p_posting` */

insert  into `p_posting`(`id_posting`,`id_kategori`,`judul_posting`,`isi_posting`,`tgl_posting`,`tgl_publish`,`tgl_exp`,`lampiran_gambar`,`link_posting`,`group_posting`,`status_komentar`,`status_posting`,`jml_hits`,`userinput`) values (3,3,'Tenaga Kerja Mandiri Tahun 2019','<blockquote>\r\n<p>Dinas Penanaman Modal dan Pelayanan Terpadu Satu Pintu Kota Padang Panjang melalui Dana APBN TA. 2019 melaksanakan Pelatihan Tenaga Kerja Mandiri (TKM) yang dilaksanakan di Kelurahan Kampung Manggis, kegiatan di laksanakan pada tanggal 28 s/d 30 Agustus 2019 di Kantor Lurah Kampung Manggis.</p>\r\n</blockquote>\r\n\r\n<p>Diikuti oleh 20 orang peserta dengan kegiatan membuat tempe, Keripik Tempe, dan Keripik Pare.<br />\r\n<br />\r\nSemoga Kegiatan ini dapat menumbuhkan minat wirausaha dan menambah pendapatan keluarga Kelurahan Kampung Manggis.</p>\r\n','2019-11-11 00:00:00','2019-09-20',NULL,'POST_01112019_IMG-20190829-WA0060-300x225.jpg','tenaga-kerja-mandiri-tahun-2019','Artikel',1,'Publish',96,'admin'),(4,3,'Penyerahan Peserta Diklat Teknis','<p>Serang , Banten &ndash; Kabid Penanaman Modal dan Ketenagakerjaan pada Dinas DPMPTSP Kota Padang Panjang, Drs. Reflis, MTP mengantarkan 10 orang peserta pelatihan ketenagakerjaan ke BBPLK Serang, Banten. Pada diklat teknis angkatan keenam pada 2019 ini, para peserta berasal dari Kabupaten/Kota dan perusahaan di Indonesia diantaranya Padang Panjang, Janeponto, Bintan, Belitung, Belitung Timur, Bontang, Labuhan Bajo, Batubara, Serang dan Cilegon. Sebelumnya telah diadakan penjaringan peserta melalui pembukaan pendaftaran dan seleksi langsung oleh DPMPTSP Kota Padang Panjang berkerjasama dengan BBPLK Serang, sehingga terpilih 10 orang pencaker yang memenuhi syarat administrasi.</p>\r\n\r\n<p>Kegiatan ini bertujuan untuk memberikan skill teknis bagi para pencaker yg berasal dari tamatan SMK seluruh Indonesia. Harapan BBPLK terhadap para peserta pelatihan ini agar nantinya bisa memudahkan dalam mendapatkan pekerjaan sesuai skil yang mereka miliki. Tujuan akhir dari kegiatan ini adalah mengurangi angka pengangguran, khususnya di Kota Padang Panjang.</p>\r\n\r\n<p>Harapan dari kepala BBPLK Banten adalah agar tamatan dari BBPLK ini nantinya dapat langsung bekerja di berbagai perusahaan yang membutuhkan lulusan bersertifikat, baik yang ada di daerah maupun di pulau Jawa. &ldquo;Jadilah adik-adik semua menjadi kebanggan keluarga dan BERHENTILAH MEMBEBANI KELUARGA&rdquo;, begitulah pesan yang disampaikan oleh Kepala BBPLK pada sambutannya Senin, 21 Oktober 2019 yang lalu.</p>\r\n\r\n<p>&nbsp;</p>\r\n','2019-11-14 00:00:00','2019-09-20','0000-00-00','POST_01112019_BBPLK.jpg','penyerahan-peserta-diklat-teknis','Artikel',1,'Publish',105,'admin'),(5,3,'Visi Dan Misi','<p>Dinas Penanaman Modal dan Pelayanan Terpadu Satu Pintu telah menetapkan visi yang selaras dengan keadaan lingkungan serta perubahan-perubahan yang ada, dan selaras pula dengan Visi Kota Padang Panjang. Adapun Visi Dinas Penanaman Modal dan Pelayanan Terpadu Satu Pintu yang menunjukkan jati diri dan fungsinya sebagai pendorong (motivator di bidang peningkatan investasi di daerah adalah <strong>&ldquo;</strong><strong>Memberikan Pelayanan Perizinan Tercepat,Akurat dan Terjamin Keabsahannya&rdquo;</strong><strong>. </strong></p>\r\n\r\n<p>Sebagai penjabaran dari Visi di atas, maka ditetapkan Misi yang dilaksanakan dalam jangka waktu 5&nbsp; (lima) tahun&nbsp; sebagai berikut :</p>\r\n\r\n<table border=\"0\" cellpadding=\"0\" cellspacing=\"0\" style=\"height:265px; width:836px\">\r\n	<tbody>\r\n		<tr>\r\n			<td style=\"height:20px; width:27px\">1.</td>\r\n			<td style=\"width:435px\">Mewujudkan sistem pelayanan perizinan yang efektif,efisien dan transparan</td>\r\n		</tr>\r\n		<tr>\r\n			<td style=\"height:20px\">2.</td>\r\n			<td>Melaksanakan penyediaan pelayanan bagi dunia usaha baik didalam maupun diluar daerah.</td>\r\n		</tr>\r\n		<tr>\r\n			<td style=\"height:20px\">3.</td>\r\n			<td>Mewujudkan kualitas dan kuantitas SDM aparatur dengan semangat kerja dan dapat diandalkan.</td>\r\n		</tr>\r\n		<tr>\r\n			<td style=\"height:20px\">4.</td>\r\n			<td>Mewujudkan peningkatan sarana dan prasarana pendukung pelayanan berbasis Teknologi Informasi (IT).</td>\r\n		</tr>\r\n		<tr>\r\n			<td style=\"height:20px\">5.</td>\r\n			<td>Mewujudkan pemantapan koordinasi dan komunikasi dalam penyelenggaraan perizinan dengan SKPD terkait.</td>\r\n		</tr>\r\n		<tr>\r\n			<td style=\"height:20px\">6.</td>\r\n			<td>Mewujudkan penataan penyelenggaraan birokrasi yang singkat,aman,efektif dan efisien.</td>\r\n		</tr>\r\n	</tbody>\r\n</table>\r\n','2019-11-14 00:00:00','2019-11-02','0000-00-00',NULL,'visi-dan-misi','Halaman',0,'Publish',124,'admin'),(6,3,'Sejarah PTSP','<strong>Dinas Penanaman Modal dan Pelayanan Terpadu Satu Pintu (DPMPTSP)</strong> merupakan salah satu organisasi perangkat daerah pelaksana teknis Pemerintah Daerah di bidang&nbsp; pelayanan penanaman modal, perizinan, dan non perizinan.<br />\r\nInstitusi ini dibentuk berdasarkan Peraturan Daerah Kota Padang Panjang Nomor 20 Tahun 2010 tentang Pembentukan Organisasi dan Tata Kerja Kantor Pelayanan Perizinan Terpadu Kota Padang Panjang dan berdasarkan Peraturan Walikota Padang Panjang Nomor 46 Tahun 2010 tentang tugas pokok dan fungsi Kantor Pelayanan Perizinan Terpadu mempunyai tugas pokok melaksanakan koordinasi dan menyelenggarakan pelayanan administrasi dibidang perizinan dan non perizinan secara terpadu dengan prinsip koordinasi, integrasi, simplikasi, keamanan dan kepastian. Tujuannya adalah untuk memberikan pelayanan kepada masyarakat di bidang penanaman modal, perizinan, dan non perizinan dengan kepastian waktu, syarat, biaya, dan akuntabilitas, serta memperpendek jalur birokrasi sehingga ke depannya diharapkan akan berdampak pada peningkatan kenyamanan dan motivasi bagi investor untuk berinvestasi di Kota Padang Panjang.','2019-11-14 00:00:00','2019-11-02','0000-00-00',NULL,'sejarah-ptsp','Halaman',0,'Publish',73,'admin'),(7,3,'Struktur Organisasi','<strong>Aparatur di Kantor Dinas Penanaman Modal dan Pelayanan Terpadu Satu Pintu</strong>\r\n<p><br />\r\nDinas Penanaman Modal dan Pelayanan Terpadu Satu Pintu Kota Padang Panjang dibentuk berdasarkan Peraturan Daerah Nomor 20 Tahun 2010 tentang Pembentukan Organisasi dan Tata Kerja Lembaga Teknis Daerah, seluruh jabatan sudah terisi dan efektif berfungsi sebagaimana mestinya. Adapun SDM/aparatur yang mendukung pelaksanaan tugas pokok dan fungsi DPMPTSP terdiri dari :</p>\r\n\r\n<ol>\r\n	<li>Kepala Dinas</li>\r\n	<li>Kepala Sekretaris Dinas</li>\r\n	<li>Kepala Bidang Penanaman Modal Ketenagakerjaan</li>\r\n	<li>Kepala Bidang Pelayanan Terpadu Satu Pintu</li>\r\n	<li>Kepala Seksi Penyelenggaraan Pelayanan, Perizinan dan Non Perizinan I</li>\r\n	<li>Kepala Seksi Penyelenggaraan Pelayanan, Perizinan dan Non Perizinan II</li>\r\n	<li>Kepala Seksi Pengaduan, Kebijakan dan Pelaporan Layanan</li>\r\n	<li>Kepala Seksi Promosi dan Kerjasama Penanaman Modal</li>\r\n	<li>Kepala Seksi Pembinaan dan Pengendalian Penanaman Modal</li>\r\n	<li>Kepala Seksi Ketenagakerjaan</li>\r\n	<li>11 orang staf PNS</li>\r\n	<li>7 orang Tenaga Harian Lepas</li>\r\n</ol>\r\n','2019-11-26 00:00:00','2019-11-02','0000-00-00',NULL,'struktur-organisasi','Halaman',0,'Publish',87,'admin'),(8,3,'Tentang Kami','Tentang Kami','2019-11-18 00:00:00','2019-11-02','0000-00-00',NULL,'tentang-kami','Halaman',0,'Publish',96,'admin'),(9,3,'Kajian Air Minum dalam Kemasan','Air merupakan salah satu sumber daya alam yang sangat penting bagi kehidupan manusia. Air digunakan untuk memenuhi kebutuhan hidup sehari-hari di segala aspek misalnya pada pertanian dan industri. Dengan demikian keberadaan air dalam kehidupan perlu dijaga dan dilestarikan untuk kelangsungan kehidupan manusia itu sendiri. Akan tetapi tidak semua orang dapat berpikir dengan bijak dalam menggunakan dan mengolah air untuk kehidupannya.<br />\r\n<br />\r\nSehubungan dengan potensi sumber air yang melimpah di Lubuk Mata Kucing, Pemerintah Kota Padang Panjang ingin menawarkan kepada investor untuk melakukan investasi pada usaha air minum dalam kemasan (AMDK). Harapannya produk ini dapat memenuhi kebutuhan air minum untuk masyarakat sekitarnya. Pendirian usaha AMDK merupakan upaya Pemerintah Kota Padang Panjang dalam menambah pendapatan asli daerah sekaligus memberikan kontribusi serta kesempatan/peluang kerja bagi masyarakat. Sementara dalam jangka panjang, Pemerintah kota Padang Panjang ingin menangkap peluang bisnis yang potensial seiring dengan permintaan AMDK yang terus meningkat.<br />\r\n<br />\r\nMelihat peluang tersebut, Pemerintah Kota Padang Panjang melakukan Studi Kelayakan (AMDK) melalui Belanja Jasa/Kerjasama Pembuatan Fs Potensi Investasi (Fs Industri Air Minum Dalam Kemasan) Kota Padang Panjang untuk mendapatkan informasi bagi investasi yang akan dilakukan. Kelayakan usaha ini akan memberikan masukan dan juga sebagai acuan bagi pengembangan koorporasi yang ditinjau dari semua aspek, Adapun tujuan kajian kelayakan adalah untuk mengetahui kelayakan dari aspek permodalan pada usaha air minum dalam kemasan (AMDK) yang ada di Kota Padang Panjang.<br />\r\n<br />\r\n<br />\r\n&nbsp;','2019-11-14 00:00:00','2019-11-14','0000-00-00','POST_14112019_Kajian Air Minum.png','kajian-air-minum-dalam-kemasan','Halaman',1,'Publish',40,'admin'),(10,3,'Kajian Pembangkit Listrik Tenaga Surya','Energi surya adalah radiasi dari sinar matahari yang mencapai bumi. Energi surya dari sinar matahari yang mencapai permukaan bumi sangat besar yaitu sampai dengan 3,85 x 10 24 joule per tahun atau setara dengan 5.730 kali konsumsi energi di seluruh dunia pada tahun 2025.<br />\r\n<br />\r\nPemanfaatan energi surya dapat diklasifikasikan menjadi dua kategori sesuai dengan basis penggunaan yaitu solar aktif (penggunaan langsung) dan solar pasif (penggunaan tidak langsung). Dalam kategori solar aktif, energi surya dikonversi langsung untuk pemanasan (solar thermal) dan pembangkitan listrik (solar photovoltaic). Sedangkan pada kategori solar pasif, aplikasinya cenderung pada perancangan bangunan yang memanfaatkan aliran energi matahari untuk penerangan, pemanasan atau ventilasi bangunan tanpa menggunakan peralatan mekanik.<br />\r\n<br />\r\nPembangkit Listrik Tenaga Surya (PLTS) adalah teknologi pembangkitan listrik yang dapat diimplementasikan hampir diseluruh wilayah. Instalasi, operasi dan perawatan PLTS sangat mudah sehingga dapat diadopsi oleh masyarakat. Teknologi PLTS terbagi atas PLTS skala rumah tangga atau Solar Home System (SHS) dan PLTS komunal (Centralized PV). Dalam rangka pemerataan akses kelistrikan dan diversifikasi energi, PLTS adalah solusi penyediaan tenaga listrik yang ramah lingkungan terutama bagi daerah yang belum terjangkau listrik PLN.<br />\r\n<br />\r\nDi Kota Padang Panjang penggunaan energi sinar matahari untuk tenaga listrik belum dimamfaatkan secara maksimal hal ini lebih disebabkan karena Kota Padang Panjang adalah Kota Hujan sehingga sinar matahari tidak begitu optimal untuk dimamfaatkan namun seiring dengan kemajuan teknologi ternyata keadaan tersebut bisa dimamfaatkan secara lebih maksimal, namun untuk tahap awal kemungkinan akan kita coba pemamfaatannya untuk<br />\r\ngedung gedung pemerintah.<br />\r\n&nbsp;','2019-11-14 00:00:00','2019-11-14','0000-00-00',NULL,'kajian-pembangkit-listrik-tenaga-surya','Halaman',1,'Publish',20,'admin'),(11,3,'Kajian Pengelolaan Sampah','Permasalahan sampah bukan lagi sekedar masalah kebersihan dan lingkungan saja, tetapi sudah menjadi masalah sosial yang mampu menimbulkan konflik. Kondisi ini lebih parah lagi, sebab hampir semua Kota di Indonesia baik Kota Besar maupun Kota Kecil tidak memiliki penanganan sampah yang baik. Umumnya Kota di Indonesia memiliki manajeman sampah yang sama yaitu dengan metode kumpul-angkut-buang.&nbsp;Perbedaannya hanya terjadi pada modifikasi yang dilakukan tapi pada dasanya adalah sama. Sebuah metode manajemen persampahan klasik yang akhirnya berubah menjadi praktik pembuangan sampah secara sembarangan tanpa mengikuti ketentuan teknis di lokasi yang sudah ditentukan (<em><em>proses open dumping</em></em>).<br />\r\nKota Padang Panjang merupakan salah satu Kota di Sumatera Barat yang memiliki luas 23 Km persegi dengan jumlah penduduk kondisi terakhir lebih kurang 52.422&nbsp;orang dengan 2 (dua) buah Kecamatan dan 16 Kelurahan. Kondisi ini memberikan pengaruh terhadap berbagai sektor yang berhubungan dengan pemenuhan kebutuhan masyarakat, salah satunya adalah penyediaan infrastruktur perkotaan termasuk sarana dan prasarana persampahan. Karena pada dasarnya masalah persampahan terkait erat dengan perkembangan jumlah penduduk dan prilaku masyarakat dalam pola pembuangan sampah yang saat ini sudah menjadi semakin komplek disetiap daerah termasuk di kota Padang Panjang.<br />\r\nUntuk meningkatkan efektivitas dan efisiensi penanganan sampah di Kota Padang Panjang melalui pengelolaan yang konprehensif dalam jangka panjang secara keseluruhan diperlukan penyusunan&nbsp;kebijakan&nbsp;investasi untuk pembangunan infrastruktur pengelolaan sampah. Sehubungan dengan hal itu maka hasil darik kegiatan kerjasama studi pengelolaan sampah ini dapat digunakan sebagai acuan bagi pihak ketiga untuk mengelola persampahan di Kota Padang Panjang atau dapat juga dijadikan panduan bagi Dinas/Instansi yang terkait untuk meningkatkan efektifitas dan efisiensi pengelolaan persampahan.<br />\r\n&nbsp;','2019-11-14 00:00:00','2019-11-14','0000-00-00',NULL,'kajian-pengelolaan-sampah','Halaman',1,'Publish',37,'admin'),(12,3,'Kajian Inventarisasi Potensi Investasi','Padang Panjang','2019-11-14 00:00:00','2019-11-14','0000-00-00',NULL,'kajian-inventarisasi-potensi-investasi','Halaman',0,'Publish',44,'admin'),(13,3,'Kajian Pembangkit Listrik Mikro Hidro','Padang Panjang','2019-11-14 00:00:00','2019-11-14','0000-00-00',NULL,'kajian-pembangkit-listrik-mikro-hidro','Halaman',0,'Publish',22,'admin'),(15,3,'Uji Coba Publik OSS Versi 1.1','<p>Kepada seluruh Pelaku Usaha bersama ini kami beritahukan bahwa kami akan melakukan uji coba OSS v1.1 mulai Senin, 11 November 2019. Sehubungan dengan hal tersebut dapat kami sampaikan hal-hal sebagai berikut:</p>\r\n\r\n<ol>\r\n	<li>Uji coba OSS v1.1 ini dapat dilakukan dengan mengakses laman:<strong> ujicoba.oss.go.id</strong></li>\r\n	<li>Para pelaku usaha dapat menguji sistem OSS v1.1 ini yaitu:\r\n	<ol>\r\n		<li>Bagi yang telah memiliki NIB dan Izin Usaha melalui OSS v1.0 dapat mengakses OSS v1.1 dengan akun OSS yang telah dimiliki untuk mengecek data perusahaan yang telah dimigrasi dari OSS v1.0 ke OSS v1.1</li>\r\n		<li>Bagi yang belum memiliki perizinan berusaha melalui OSS dapat melakukan registrasi di OSS v1.1 untuk mendapatkan NIB, Izin Lokasi, Izin Lingkungan, IMB, SLF, Izin Usaha dan Izin Operasional/Komersial.</li>\r\n	</ol>\r\n	</li>\r\n	<li>Mengingat OSS v1.1 ini masih bersifat uji coba, maka:\r\n	<ol>\r\n		<li>Semua perubahan NIB atau Izin Usaha atau perizinan usaha lainnya yang dilakukan oleh pelaku usaha yang telah mempunyai akun OSS v1.0 juga bersifat uji coba sehingga perubahan data tersebut tidak akan mempengaruhi data perusahaan dalam database OSS v1.0.</li>\r\n		<li>Semua perizinan berusaha yang terbit dari sistem OSS v1.1 selama masa uji coba akan diberi tanda (watermark) &ldquo;UJI COBA&rdquo; dan perizinan berusaha tersebut dianggap tidak berlaku.</li>\r\n	</ol>\r\n	</li>\r\n</ol>\r\n\r\n<ol>\r\n	<li>Data pelaku usaha dalam database OSS v1.1 ini adalah data hasil migrasi dari database OSS v1.0 per tanggal 29 Oktober 2019 pukul 18:00 WIB, sehingga perubahan data oleh pelaku usaha di OSS v1.0 setelah waktu tersebut tidak terdapat dalam dalam database OSS v1.1 versi uji coba ini.</li>\r\n	<li>Mengingat pengisian total investasi dalam OSS v1.1 terdapat pada masing-masing KBLI 5 digit, maka pelaku usaha yang telah memiliki perizinan berusaha diminta untuk melengkapi isian nilai investasi untuk masing-masing KBLI 5 digit sebagaimana dimaksud.</li>\r\n	<li>Dalam OSS v1.1 terdapat perubahan format Izin Usaha sebagai berikut :\r\n	<ol>\r\n		<li>Izin Usaha yang memiliki lebih dari satu KBLI 5 digit dan/atau lokasi akan memiliki lampiran berupa tabel yang berisi informasi kegiatan usaha untuk masing-masing KBLI dan lokasi.</li>\r\n		<li>Izin Usaha juga dilengkapi dengan QR Code yang berisi data kegiatan usaha yang lebih rinci dan dapat dicetak.</li>\r\n		<li>Sudah terdapat fitur untuk mencetak Izin Usaha per jenis Izin Usaha (seperti SIUP, TDUP, IUJK) serta per lokasi kegiatan</li>\r\n	</ol>\r\n	</li>\r\n	<li>Mohon agar kendala/permasalahan yang ditemui oleh pelaku usaha dalam uji coba OSS v1.1 ini dapat dikirim ke alamat email:<strong> ujicoba@oss.go.id</strong> dengan rincian informasi sebagai berikut:\r\n	<ol>\r\n		<li>Nama Perusahaan</li>\r\n		<li><em>Username</em> akun OSS</li>\r\n		<li>NIB</li>\r\n		<li>Penjelasan kendala/permasalahan yang ditemui</li>\r\n		<li>Lampiran <em>screenshot</em> permasalahan</li>\r\n	</ol>\r\n	</li>\r\n	<li>Selama masa uji coba OSS v1.1 ini, pelayanan perizinan berusaha melalui sistem OSS v1.0 masih tetap berjalan</li>\r\n</ol>\r\n\r\n<p>Kami mengucapkan terima kasih atas kerjasama dan partisipasi pelaku usaha yang telah melakukan uji coba OSS v1.1 ini.</p>\r\n\r\n<p>Demikian agar menjadi maklum</p>\r\n\r\n<p>Dikeluarkan di Jakarta<br />\r\nPada tanggal 8 November 2019</p>\r\n\r\n<p>Deputi Bidang Pelayanan Penanaman Modal</p>\r\n\r\n<p><br />\r\nHusen Maulana</p>\r\n','2019-11-14 00:00:00','2019-11-14','2019-11-30','POST_14112019_oss.jpg','uji-coba-publik-oss-versi-1.1','Artikel',1,'Publish',24,'admin'),(16,3,'Hubungi Kami','<p><big><em><strong>KONTAK DPMPTSP KOTA PADANG PANJANG</strong></em></big></p>\r\n\r\n<hr />Alamat: Jl. St. Syahrir No.150, Kel. Silaing Bawah, Kec. Padang Panjang Barat<br />\r\nTelepon: (0752) 485395<br />\r\nWhatsapp: 081363402125<br />\r\nE-mail: &nbsp; dpmptsp.padangpanjang2@gmail.com<br />\r\n<br />\r\n<br />\r\n<br />\r\n<big><em><strong>MEDIA SOSIAL</strong></em></big>\r\n\r\n<hr />Instagram: dpmptsp_padangpanjang<br />\r\nFacebook: Dinas Penanaman Modal PTSP Padang Panjang\r\n<hr />','2019-12-23 00:00:00','2019-11-26','0000-00-00',NULL,'hubungi-kami','Halaman',0,'Publish',51,'admin'),(17,3,'Upah Minimum Propinsi Sumatera Barat Ditetapkan','<blockquote>\r\n<p>Upah Minimun Provinsi (UMP) Sumatera Barat naik menjadi Rp. 2.484.041. Surat Keputusan (SK) Nomor 562-827-2019 mengenai Upah Minimum Provinsi (UMP) ditandatangani oleh Gubernur tertanggal 29 Oktober 2019.</p>\r\n</blockquote>\r\n\r\n<p>UMP tersebut ditetapkan berdasarkan UMP 2019 ditambah tingkat inflasi nasional dan pertumbuhan Produk Domestik Bruto (PDB) dari BPS RI sesuai dengan peraturan pemerintah nomor 78 tahun 2015 tentang pengupahan.</p>\r\n\r\n<p>Kenaikan di tahun ini mencapai 8,51 persen dibanding tahun lalu. UMP di tahun 2019 adalah Rp. 2.289.228 dan 2018 adalah Rp. 2.119.067. Keputusan ini mulai berlaku 1 Januari 2020.<br />\r\n<br />\r\nBerikut ini SK Penetapan UMP <a href=\"http://dpmptsp.padangpanjang.go.id/download\" target=\"_blank\">Sumatera Barat tahun 2020 </a></p>\r\n','2019-12-19 00:00:00','2019-11-28','0000-00-00','POST_19122019_Tenaga_Kerja-1.jpg','upah-minimum-propinsi-sumatera-barat-ditetapkan','Artikel',1,'Publish',165,'admin'),(18,3,'Transparansi','<p><em><strong>Transparansi</strong></em> atau keterbukaan berarti keputusan yang diambil dan pelaksanaannya dilakukan dengan cara atau mekanisme yang mengikuti aturan atau regulasi yang ditetapkan oleh lembaga. Transparansi juga bisa berarti bahwa informasi yang berkaitan dengan organisasi tersedia secara mudah dan bebas serta bisa diakses oleh mereka yang terkena dampak kebijakan yang dilakukan oleh organisasi tersebut.</p>\r\n\r\n<blockquote>\r\n<p><strong>JANUARI 2019</strong></p>\r\n</blockquote>\r\n\r\n<p>Realisasi dokumen perizinan yang diterbitkan DPMPTSP Kota Padang Panjang selama Januari 2020 mencapai 60 izin. Izin penelitian menjadi urusan yang mendominasi perizinan di Bulan Januari ini yaitu sebanyak 23 izin, dan disusul dengan izin perawat sebanyak 11 izin.<br />\r\n<br />\r\n<img alt=\"\" src=\"http://dpmptsp.padangpanjang.go.id/uploads/media/MEDIA_1_Izin_Januari.jpg\" style=\"height:767px; width:649px\" /><br />\r\n&nbsp;</p>\r\n\r\n<blockquote>\r\n<p><strong>NOVEMBER 2019</strong></p>\r\n</blockquote>\r\n\r\n<p>Dinas Penanaman Modal dan Pelayanan Terpadu Satu Pintu memiliki dua urusan utama, yaitu Bidang Penanaman Modal dan Bidang Pelayanan Terpadu Satu Pintu.</p>\r\n<strong>1. Bidang Penanaman Modal</strong><br />\r\n&nbsp;&nbsp;&nbsp; Pencapaian realisasi investasi di Kota Padang Panjang sampai dengan Triwulan Ketiga mencapai <strong>77%</strong> yang didominasi oleh bisnis properti.<br />\r\n<br />\r\n<img alt=\"Data Investasi Triwulan III-2019\" src=\"http://dpmptsp.padangpanjang.go.id/uploads/media/MEDIA_1_Realisasi_Investasi_T3.jpg\" style=\"float:left; height:539px; width:800px\" /><br />\r\n<br />\r\n<br />\r\n<br />\r\n<br />\r\n<br />\r\n<br />\r\n<br />\r\n<br />\r\n<br />\r\n<br />\r\n<br />\r\n<br />\r\n<br />\r\n<br />\r\n<br />\r\n<br />\r\n<br />\r\n<br />\r\n<br />\r\n<br />\r\n<br />\r\n<br />\r\n<br />\r\n<br />\r\n<br />\r\n<br />\r\n<strong>2. Bidang Pelayanan Terpadu Satu Pintu<br />\r\n<br />\r\n<img alt=\"Realisasi Perizinan Sep\" src=\"http://dpmptsp.padangpanjang.go.id/uploads/media/MEDIA_1_Realisasi_Perizinan_Sept_19.jpg\" style=\"height:559px; width:800px\" /></strong>','2020-02-12 00:00:00','2020-02-10','0000-00-00',NULL,'transparansi','Halaman',1,'Publish',50,'admin'),(19,3,'Akuntabilitas','<strong>Akuntabilitas</strong> adalah sebuah kewajiban melaporkan dan bertanggung jawab atas keberhasilan atau pun kegagalan pelaksanaan misi organisasi dalam mencapai hasil yang telah ditetapkan sebelumnya, melalui media pertanggungjawaban yang dikerjakan secara berkala.\r\n<blockquote>\r\n<p>NOVEMBER</p>\r\n</blockquote>\r\n','2019-12-03 00:00:00','2019-12-03','0000-00-00',NULL,'akuntabilitas','Halaman',1,'Publish',25,'admin'),(20,3,'Pembahasan Perjanjian Kerjasama BPJS Ketenagakerjaan','<blockquote>\r\n<p>BPJS Ketenagakerjaan membahas perjanjian kerjasama pengintegrasian program jaminan sosial ketenagakerjaan melalui DPMPTSP Kota Padang Panjang di Rumah Makan Pak Datuak kemarin sore.</p>\r\n</blockquote>\r\nPertemuan ini dihadiri oleh Kepala DPMPTSP beserta jajaran, Plt. Kadis Kominfo, serta perwakilan dari BPJS Ketenagakerjaan cabang Bukittinggi. Yorri Pratama, SE, M. Si selaku perwakilan BPJS Ketenagakerjaan mengatakan bahwa setiap badan usaha yang mengurus perizinan ke DPMPTSP diwajibkan untuk mendaftarkan tenaga kerjanya ke BPJS Ketenagakerjaan.<br />\r\n<br />\r\nSaat ini sudah tersedia meja konsultasi dan pendaftaran BPJS Ketenagakerjaan di DPMPTSP, sehingga memudahkan para pengusaha dalam mengurus keikutsertaan tenaga kerja mereka serta mendapatkan perlindungan Jaminan Kecelakaan Kerja (JKK), Jaminan Kematian (JK), Jaminan Hari Tua (JHT), dan Jaminan Pensiun (JH). DPMPTSP sedang mempersiapkan Peraturan Walikota untuk mengatur sanksi bagi perusahaan atau badan usaha yang tidak mengikuti aturan.<br />\r\n<br />\r\nKedepannya BPJS Ketenagakerjaan akan menyediakan sebuah aplikasi untuk sharing data keikutsertaan jaminan sosial tenaga kerja yang ada di Kota Padang Panjang, sehingga dapat memudahkan dalam mencapai sasaran Padang Panjang untuk mendapatkan Paritrana Award 2019.<br />\r\n<br />\r\n&nbsp;','2019-12-05 00:00:00','2019-12-05','0000-00-00',NULL,'pembahasan-perjanjian-kerjasama-bpjs-ketenagakerjaan','Artikel',1,'Publish',30,'admin'),(21,3,'BERITA','<blockquote>\r\n<p>PADANG PANJANG</p>\r\n</blockquote>\r\n','2019-12-05 00:00:00','2019-12-05','0000-00-00',NULL,'berita','Halaman',0,'Publish',9,'admin'),(22,3,'Diklat Teknis Gratis di BBPLK Medan','<br />\r\nDalam rangka pemberdayaan mayarakat di Kota Padang Panjanng yang masih berstatus pencari kerja dan menganggur, maka Kementerian Tenaga Kerja RI melalui Balai Besar Pengembangan Latihan Kerja (BBPLK) Medan akan melaksanakan pelatihan calon tenaga kerja dalam bentuk diklat program strategis yang ditujukan untuk mereka yang belum mempunyai keahlian, pencari kerja dan pengangguran karena PHK.<br />\r\n<br />\r\nSebagai informasi dapat kami sampaikan beberapa hal sebagai berikut:<br />\r\n1. BBPLK Medan menawarkan program diklat teknis yaitu:<br />\r\n&nbsp;&nbsp;&nbsp;&nbsp;&nbsp;&nbsp; a. Food and beverage service (pelayanan makan dan minum)<br />\r\n&nbsp;&nbsp;&nbsp;&nbsp;&nbsp;&nbsp; b. Food and beverage product (membuat makan dan minum)<br />\r\n&nbsp;&nbsp;&nbsp;&nbsp;&nbsp;&nbsp; c. AutoCAD<br />\r\n2. Adapun persyaratan yang dibutuhkan untuk mengikuti untuk mengikuti diklat tersebut adalah:<br />\r\n&nbsp;&nbsp;&nbsp;&nbsp;&nbsp;&nbsp; a. Laki-laki/Perempuan<br />\r\n&nbsp;&nbsp;&nbsp;&nbsp;&nbsp;&nbsp; b. Photocopy KTP/KK sebanyak 2 (dua) lembar<br />\r\n&nbsp;&nbsp;&nbsp;&nbsp;&nbsp;&nbsp; c. Usia minimum 18 Tahun<br />\r\n&nbsp;&nbsp;&nbsp;&nbsp;&nbsp;&nbsp; d. Photocopy ijazah terakhir 2 (dua) lembar<br />\r\n3. Seluruh biaya pelaksanaan diklat ditanggung sepenuhnya oleh BBPLK Medan antara lain transport PP, asrama, makan, pakaian kerja, uang sakudan sertifikat.<br />\r\n4. Kepada calon peserta yang berminat agar melengkapi persyaratan di atas ke dalam map warna merah dengan menuliskan jurusan yang dipilih pada sudut kanan atas dan menyerahkan ke Dinas Penanaman Modan dan Pelayanan Terpadu Satu Pintu (DPMPTSP) Kota Padang Panjang tanggal 17 s/d 20 Desember 2019 selama jam kerja.<br />\r\n5. Seleksi akan diadakan oleh Tim dari BBPLK Medan pada tanggal 22 Desember 2019 pada jam 14.00 WIB bertempat di DPMPTSP Kota Padang Panjang<br />\r\n6. Peserta yang dinyatakan lulus akan diberangkatkan pada minggu kedua bulan Januari 2020.<br />\r\n<br />\r\n&nbsp;','2019-12-19 00:00:00','2019-12-16','0000-00-00','POST_19122019_Tenaga_Kerja-1.jpg','diklat-teknis-gratis-di-bbplk-medan','Artikel',1,'Publish',33,'admin'),(23,3,'Diklat Gratis di Balai Besar Pengembangan Latihan Kerja Semarang','<p>Sehubungan dengan surat dari BBPLK Semarang Nomor : 2.6/25/4.00.01/1/2020 tanggal 07 Januari 2020 perihal kuota Pelatihan Berbasis Kompetensi (PBK) BBPLK Semarang, dengan ini kami sampaikan kepada Saudara sebagai berikut :</p>\r\n\r\n<table>\r\n</table>\r\n\r\n<ol>\r\n	<li>BBPLK Semarang memberikan kesempatan bagi masyarakat Kota Padang Panjang untuk mengikuti diklat gratis bagi yang memenuhi persyaratan yang ditentukan oleh BBPLK Semarang.</li>\r\n	<li>Diklat gratis yang akan diadakan tersebut adalah :\r\n	<ol>\r\n		<li>Diklat/pelatihan Junior Secretary selama 2 bulan dengan persyaratan :\r\n		<ol>\r\n			<li>Wanita, usia 19 - 27 tahun</li>\r\n			<li>Mampu berkomunikasi</li>\r\n			<li>Berpenampilan menarik</li>\r\n			<li>Tinggi minimum 155 cm</li>\r\n			<li>Pendidikan minimal D3</li>\r\n			<li>Menyerahkan FC KTP dan Ijazah terakhir 1 lembar dan pas Photo 3x4 sebanyak 1 lembar latar belakang merah</li>\r\n		</ol>\r\n		</li>\r\n		<li>Diklat/pelatihan menghias busana dengan mesin bordir selama 1 bulan dengan persyaratan\r\n		<ol>\r\n			<li>Wanita/pria, usia minimal 17 tahun</li>\r\n			<li>Pendidikan minimal SD</li>\r\n			<li>Tidak buta warna, tidak cacat fisik</li>\r\n			<li>Mampu menjahit dasar</li>\r\n			<li>Menyerahkan FC KTP dan Ijazah terakhir 1 lembar dan pas photo 3x4 sebanyak 1 lembar latar belakang merah</li>\r\n		</ol>\r\n		</li>\r\n	</ol>\r\n	</li>\r\n	<li>Mengisi pendaftaran secara online dan mencetak form pendaftaran di portal <a href=\"http://bit.ly/bbplksemarangdaftar\" target=\"_blank\">http://bit.ly/bbplksemarangdaftar</a> sesuai dengan pilihan diklat pada point 2 diatas dan kemudian menyerahkan form pendaftaran ke Dinas Penanaman Modal dan PTSP Kota Padang Panjang paling lambat jam 15.00 WIB tanggal 22 januari 2020.</li>\r\n	<li>Seleksi akan dilaksanakan pada tanggal 23 Januari 2020 pukul 08.00 Wib sampai dengan selesai bertempat di Kantor Dinas Penanaman Modal dan PTSP Kota Padang Panjang.</li>\r\n	<li>Bagi peserta yang lulus seleksi akan mendapatkan fasilitas :\r\n	<ol>\r\n		<li>Mengikuti pelatihan di BBPLK Semarang</li>\r\n		<li>Transportasi pulang pergi</li>\r\n		<li>Asrama / Penginapan</li>\r\n		<li>Akomodasi selama di asrama teramsuk makan 3 kali sehari</li>\r\n		<li>Loundry gratis</li>\r\n		<li>Diberikan uang saku sesuai anggran BBPLK Semarang</li>\r\n		<li>Sertfikat pelatihan dan sertifikat uji kompetensi apabila lulus uji kompetensi.</li>\r\n	</ol>\r\n	</li>\r\n</ol>\r\n','2020-01-13 00:00:00','2020-01-10','0000-00-00',NULL,'diklat-gratis-di-balai-besar-pengembangan-latihan-kerja-semarang','Artikel',1,'Publish',89,'admin'),(24,3,'Diklat Gratis Khusus Desainer Busana','Sehubungan dengan informasi dari BBPLK Semarang merujuk surat Nomor : 2.6/25/4.00.01/I/2020 Tanggal 7 Januari 2020 perihal kuota Pelatihan Berbasis Kompetensi (PBK) BBPLK Semarang, dengan ini kami sampaikan kepada Saudara sebagai berikut :<br />\r\n&nbsp;\r\n<ol>\r\n	<li>BBPLK Semarang memberikan kesempatan bagi masyarakat Kota Padang Panjang untuk mengikuti diklat gratis bagi yang memenuhi persyaratan yang ditentukan oleh BBPLK Semarang.</li>\r\n	<li>Penambahan jurusan diklat gratis yang diadakan tersebut adalah jurusan desainer selama satu bulan dengan persyaratan :</li>\r\n</ol>\r\n\r\n<ul>\r\n	<li>Wanita/Pria usia minimal 18 tahun;</li>\r\n	<li>Pendidikan minimal SMA sederajad (diutamakan tamatan SMK tata busana);</li>\r\n	<li>Memahami konsep matematika dasar;</li>\r\n	<li>Bisa mengambar;</li>\r\n	<li>Dapat membuat pola rok, badan, celana dan lengan;</li>\r\n	<li>Bisa menjahit busana dengan mesin jahit high speed single needle;</li>\r\n	<li>Bisa mengoperasikan komputer (MS Office);</li>\r\n	<li>Diutamakan yang bisa Photoshop, illustrator dan autocad</li>\r\n	<li>Familiar HP Android</li>\r\n</ul>\r\n\r\n<ol>\r\n	<li>Pendaftaran peserta dilaksanakan Tanggal 21 s/d 22 Januari 2020 di DPMPTSP Kota Padang Panjang dengan melampirkan persyaratan berupa:</li>\r\n</ol>\r\n\r\n<ul>\r\n	<li>FC KTP sebanyak 1 lembar;</li>\r\n	<li>FC Ijazah terakhir sebanyak 1 lembar;</li>\r\n	<li>Pas Photo 3x4 sebanyak 1 lembar;</li>\r\n	<li>Semua persyaratan tersebut dimasukan kedalam map warna kuning dan ditulis nama peserta diklat beserta No HP/WA yang aktif.</li>\r\n</ul>\r\n\r\n<ol>\r\n	<li>Seleksi akan diadakan pada tanggal 23 Januari 2020 pukul 08.00 Wib s/d selesai bertempat di kantor DPMPTSP Kota Padang Panjang.</li>\r\n	<li>Bagi peserta Diklat yang lulus seleksi akan mendapatkan fasilitas sbb:</li>\r\n</ol>\r\n\r\n<ul>\r\n	<li>Mengikuti pelatihan di BBPLK Semarang;</li>\r\n	<li>Transportasi pulang pergi;</li>\r\n	<li>Asrama/penginapan;</li>\r\n	<li>Akomododasi selama di asrama termasuk makan 3 kali sehari;</li>\r\n	<li>Jasa Laundri;</li>\r\n	<li>Diberikan uang saku sesuai dengan anggaran BBPLK Semarang;</li>\r\n	<li>Sertifikat pelatihan dan sertifikat uji kompetensi apabila lulus uji kompetensi.</li>\r\n</ul>\r\n<br />\r\n&nbsp;&nbsp;&nbsp;&nbsp;&nbsp;&nbsp;&nbsp;&nbsp;&nbsp;&nbsp;&nbsp; Demikian kami sampaikan, diucapkan terima kasih.<br />\r\n&nbsp;','2020-01-21 00:00:00','2020-01-20','0000-00-00','POST_21012020_perancang-busana.jpg','diklat-gratis-khusus-desainer-busana','Artikel',1,'Publish',28,'admin'),(25,3,'Pengiriman Tenaga Kerja Ke Korea','<p>Pemerintah Kota Padang Panjang memberikan kesempatan kepada para pencari kerja yang berminat untuk mengikuti program pengiriman Tenaga Kerja ke Korea. Dalam rangka memperbesar peluang lulus dalam program pengiriman tenaga kerja ke Korea tersebut, Pemerintah Kota Padang Panjang bekerjasama dengan Hem&#39;s Institute Padang membuka Program Bahasa Korea untuk Persiapan Bekerja di Korea melalui Program Government to Government (G to G).</p>\r\n\r\n<p>Bagi para pencari kerja yang berminat akan dilatih pada lembaga pelatihan Bahasa Korea, adapun persyaratan untuk pengiriman Tenaga Kerja ke Korea adalah sebagai berikut :</p>\r\n\r\n<p>1. Usia antara 18 s.d 39 Tahun.</p>\r\n\r\n<p>2. Tidak dicekal bepergian ke Luar Negeri.</p>\r\n\r\n<p>3. Tidak memiliki catatan kriminal (pernah dihukum penjara).</p>\r\n\r\n<p>4. Tidak pernah ilegal stayed di Korea.</p>\r\n\r\n<p>5. Tidak pernah dideportase dari Korea.</p>\r\n\r\n<p>Bagi calon pencari kerja yang beminat agar dapat mendaftarkan diri pada Dinas Penanaman Modal dan PTSP Kota Padang Panjang dengan melampirkan :</p>\r\n\r\n<p>1. Foto copy Ijazah terakhir 1 Lembar.</p>\r\n\r\n<p>2. Foto copy KTP 1 Lembar (Domisili Padang Panjang) Batas waktu pendaftaran sampai dengan 31 Maret 2020.</p>\r\n','2020-02-18 00:00:00','2020-02-17','0000-00-00','POST_18022020_logo_Kemnaker.jpg','pengiriman-tenaga-kerja-ke-korea','Artikel',1,'Publish',41,'admin'),(26,3,'Pemberitahuan Pelatihan/Diklat Balai Besar Pengembangan Latihan Kerja (BBPLK)','Dalam rangka meningkatkan&nbsp;keterampilan kerja bagi pencari kerja, Pemerintah Kota Padang Panjang melalui Dinas Penanaman Modal dan PTSP bekerjasama dengan BBPLK Kementerian Ketenagakerjaan RI yang tersebar di 5 (lima) Kota besar di Indonesia, yaitu : Medan, Semarang, Serang, Bandung dan Bekasi, membuka kesempatan untuk pelatihan secara GRATIS dengan Program/Jurusan Pelatihan sebagai berikut :<br />\r\n<strong>1. BBPLK MEDAN</strong>\r\n<table border=\"1\" cellspacing=\"0\" style=\"width:642px\">\r\n	<tbody>\r\n		<tr>\r\n			<td style=\"border-color:#bdbdbd; width:226.4pt\"><strong>Program Pariwisata bidang Perhotelan</strong>\r\n			<ul>\r\n				<li>Front Office Receptionist</li>\r\n				<li>Room Attendant</li>\r\n				<li>Laundry Attendant</li>\r\n				<li>Tour Leader</li>\r\n				<li>Bakery</li>\r\n				<li>Pengolahan dan Perhidangan Makanan</li>\r\n				<li>Barista</li>\r\n			</ul>\r\n			</td>\r\n			<td style=\"border-color:#bdbdbd; width:9.0cm\"><strong>Program Bangunan</strong>\r\n			<ul>\r\n				<li>Penggambaran 2D dengan sistem Cad</li>\r\n				<li>Juru Ukur</li>\r\n				<li>Cabinet Making</li>\r\n				<li>Carpentry / Perkayuan</li>\r\n				<li>Mengerjakan Finishing dengan Teknik Oles</li>\r\n				<li>Mengerjakan Finishing dengan Teknik Semprot</li>\r\n			</ul>\r\n			</td>\r\n		</tr>\r\n	</tbody>\r\n</table>\r\n<strong>2. BBPLK SEMARANG</strong>\r\n\r\n<table border=\"1\" cellspacing=\"0\" style=\"width:642px\">\r\n	<tbody>\r\n		<tr>\r\n			<td style=\"border-color:#bdbdbd; width:226.4pt\"><strong>Program Bisnis Manajemen</strong>\r\n\r\n			<ul>\r\n				<li>Sekretaris</li>\r\n				<li>Teknisi Akuntansi</li>\r\n				<li>Junior Administrator Assistant</li>\r\n				<li>Perbankan</li>\r\n				<li>Pengelola Administrasi Perkantoran</li>\r\n				<li>Customer Service</li>\r\n				<li>Marketing</li>\r\n				<li>Bahasa Jepang</li>\r\n			</ul>\r\n			</td>\r\n			<td style=\"border-color:#bdbdbd; width:9.0cm\"><strong>Program Fashion Technology</strong>\r\n			<ul>\r\n				<li>Operator Bordir</li>\r\n				<li>Operator Garmen</li>\r\n				<li>Penjahit Pakaian Dasar</li>\r\n				<li>Desainer Busana</li>\r\n				<li>Penjahit Pakaian Wanita Dewasa</li>\r\n				<li>Penjahit Pakaian Anak</li>\r\n			</ul>\r\n			</td>\r\n		</tr>\r\n	</tbody>\r\n</table>\r\n<strong>3. BBPLK SERANG&nbsp;</strong>\r\n\r\n<table border=\"1\" cellspacing=\"0\" style=\"width:642px\">\r\n	<tbody>\r\n		<tr>\r\n			<td style=\"border-color:#bdbdbd; width:311.45pt\"><strong>Program Listrik</strong>\r\n\r\n			<ul>\r\n				<li>Teknik Kendali Sistem Motor Listrik</li>\r\n				<li>Pemasangan Listrik Bangunan Sederhana</li>\r\n				<li>Pemasangan Instalasi Otomasi Listrik Industri</li>\r\n				<li>Operator Otomasi Industri</li>\r\n				<li>Pemasangan Instalasi Kontrol Industri Berbasis PLC</li>\r\n				<li>Pengoperasian Kontrol sistem Kelistrikan dan Pneumatik Berbasis PLC</li>\r\n				<li>Teknisi Instalasi Tenaga</li>\r\n			</ul>\r\n			</td>\r\n			<td style=\"border-color:#bdbdbd; width:6.0cm\"><strong>Program Las</strong>\r\n			<ul>\r\n				<li>Juru Las 1 GTAW</li>\r\n				<li>Juru Las 1 FCAW</li>\r\n				<li>Juru Las 1 SMAW</li>\r\n				<li>Juru Las 1 GMAW</li>\r\n				<li>Pengelasan SMAW 3G</li>\r\n			</ul>\r\n			</td>\r\n		</tr>\r\n	</tbody>\r\n</table>\r\n<br />\r\n<br />\r\n<br />\r\n<strong>4. BBPLK BEKASI</strong>\r\n\r\n<table border=\"1\" cellspacing=\"0\" style=\"width:642px\">\r\n	<tbody>\r\n		<tr>\r\n			<td style=\"border-color:#bdbdbd; width:254.75pt\"><strong>Program Teknologi Informasi dan Komunikasi</strong>\r\n\r\n			<ul>\r\n				<li>Client Server Programming</li>\r\n				<li>Graphic Designer</li>\r\n				<li>Computer Technician</li>\r\n				<li>Mobile Programming</li>\r\n				<li>Database Programmer</li>\r\n				<li>Movie Animator</li>\r\n				<li>IT Software Solution For Business</li>\r\n				<li>Network Profesional</li>\r\n				<li>Cloud Computing</li>\r\n				<li>Animator</li>\r\n				<li>Warehouse</li>\r\n			</ul>\r\n			</td>\r\n			<td style=\"border-color:#bdbdbd; width:8.0cm\"><strong>Program Teknik Elektronika</strong>\r\n			<ul>\r\n				<li>Teknisi Fiber Optik</li>\r\n				<li>Teknisi Audio Video</li>\r\n				<li>Operator Otomasi Elektronika Industri</li>\r\n				<li>Teknisi Telepon Seluler</li>\r\n				<li>Teknisi V-Sat</li>\r\n				<li>Surface Mount Technology</li>\r\n				<li>Operator Instrumen &amp; Kontrol</li>\r\n			</ul>\r\n			</td>\r\n		</tr>\r\n		<tr>\r\n			<td style=\"border-color:#bdbdbd; width:254.75pt\"><strong>Program Refrigeration</strong>\r\n			<ul>\r\n				<li>Teknisi Pendingin AC SPLIT</li>\r\n				<li>Teknisi Refrigerasi Komersial</li>\r\n				<li>Teknisi Lemari Pendingin (Show Case)</li>\r\n			</ul>\r\n			</td>\r\n			<td style=\"width:8.0cm\"><strong>Program Pariwisata dan Perhotelan</strong>\r\n			<ul>\r\n				<li>Hausekeeping</li>\r\n				<li>Food and Beverage Service</li>\r\n			</ul>\r\n			</td>\r\n		</tr>\r\n	</tbody>\r\n</table>\r\n<strong>5. BBPLK BANDUNG</strong>\r\n\r\n<table border=\"1\" cellspacing=\"0\" style=\"width:642px\">\r\n	<tbody>\r\n		<tr>\r\n			<td style=\"border-color:#bdbdbd; width:481.55pt\">\r\n			<ul>\r\n				<li>Teknik Manufaktur&nbsp;&nbsp;&nbsp;&nbsp;&nbsp;&nbsp;&nbsp;&nbsp;&nbsp;&nbsp;&nbsp;&nbsp;&nbsp;&nbsp;&nbsp;&nbsp;&nbsp;&nbsp;&nbsp;&nbsp;&nbsp;&nbsp;&nbsp;&nbsp;&nbsp;&nbsp;&nbsp;&nbsp;&nbsp;&nbsp;&nbsp;&nbsp;&nbsp;&nbsp;&nbsp;&nbsp;&nbsp;&nbsp;&nbsp;&nbsp;&nbsp;&nbsp;&nbsp;&nbsp;&nbsp;&nbsp;&nbsp;&nbsp;&nbsp;&nbsp;&nbsp;&nbsp;&nbsp;&nbsp;&nbsp;&nbsp;&nbsp;&nbsp;&nbsp;&nbsp;&nbsp;&nbsp;&nbsp;&nbsp;&nbsp;&nbsp;&nbsp;&nbsp;&nbsp;&nbsp;&nbsp;&nbsp;&nbsp;&nbsp;&nbsp;&nbsp;&nbsp;&nbsp;&nbsp;&nbsp;&nbsp;&nbsp;&nbsp;&nbsp;</li>\r\n				<li>Teknik Otomotif</li>\r\n			</ul>\r\n			</td>\r\n		</tr>\r\n	</tbody>\r\n</table>\r\nAdapun fasilitas yang diberikan kepada peserta selama mengikuti pelatihan diantaranya :\r\n\r\n<ol>\r\n	<li>Tiket dan Biaya Transportasi</li>\r\n	<li>Asrama</li>\r\n	<li>Makan,Minum dan Snack</li>\r\n	<li>Modul&nbsp;</li>\r\n	<li>Baju Kerja</li>\r\n	<li>Laundry Pakaian</li>\r\n	<li>Safety Shoes</li>\r\n	<li>Asuransi</li>\r\n	<li>Uang Saku</li>\r\n	<li>Sertifikat pelatihan dan Sertifikat kompetensi.</li>\r\n</ol>\r\nBagi Warga Padang Panjang yang berminat mengikuti pelatihan gratis ini dapat mendaftarkan diri ke DPMPTSP Kota Padang Panjang melalui WA No. <strong>082121243430</strong> An.<strong>Nesha Octama</strong> dengan mencantumkan Nama lengkap, alamat dan Jurusan BBPLK yang diminati.<br />\r\nDinas Penanaman Modal dan PTSP Kota Padang Panjang akan menampung informasi dan berupaya memfasilitasi/membuka Program Kejuruan yang banyak diminati oleh warga Kota Padang Panjang, dan selanjutnya akan dianggarkan pada kegiatan <strong>Tahun Anggaran 2021</strong>.<br />\r\n&nbsp;','2020-02-18 00:00:00','2020-02-17','0000-00-00','POST_18022020_logo_Kemnaker.jpg','pemberitahuan-pelatihan/diklat-balai-besar-pengembangan-latihan-kerja-(bbplk)','Artikel',1,'Publish',0,'admin'),(27,3,'Pemberitahuan Pembukaan Pendaftaran Calon Peserta Pencari Kerja','<p>Dalam rangka mengurangi angka pengangguran dan meningkatkan jumlah pencari kerja yang ditempatkan di Kota Padang Panjang, Pemerintah Kota Padang Panjang melalui Dinas Penanaman Modal dan Pelayanan Terpadu Satu Pintu dalam kegiatan Pendidikan dan Pelatihan Keterampilan Kerja bagi Pencari Kerja, memberikan kesempatan kepada warga Padang Panjang yang ingin mencari pekerjaan (merantau) ke daerah lain yaitu 5 (lima) kota besar di Indonesia diantaranya : Jakarta, Bandung, Batam, Medan dan Surabaya.</p>\r\n\r\n<p>Dalam Program ini Pemerintah Kota Padang Panjang menyediakan biaya tempat tinggal (uang kost) dan biaya hidup (uang saku) selama dua bulan, Sedangkan untuk biaya transportasi ke Kota tujuan ditanggung oleh masing-masing peserta pencari kerja. Kesempatan ini tersedia untuk 25 (dua puluh lima) orang calon peserta. Adapun akomodasi yang disediakan dapat kami rincikan sebagai berikut :</p>\r\n\r\n<ol>\r\n	<li>Uang Kost Rp. 750.000,- x 2 = Rp. 1.500.000,-</li>\r\n	<li>Uang Saku Rp. 1.000.000,- x 2 = Rp. 2.000.000,-</li>\r\n</ol>\r\n\r\n<p>Bagi Warga Padang Panjang yang berminat, dapat mendaftarkan diri langsung ke Dinas Penanaman Modal dan Pelayanan Terpadu Satu Pintu Kota Padang Panjang pada Tanggal&nbsp; 24 Februari s/d 31 Maret Tahun 2020 dengan melampirkan persyaratan sebagai berikut :</p>\r\n\r\n<ol>\r\n	<li>FC KTP (Warga Padang Panjang) sebanyak sebanyak 1 lembar;</li>\r\n	<li>FC Ijazah terakhir sebanyak 1 lembar;</li>\r\n	<li>Pas Photo 3x4 sebanyak 1 lembar;</li>\r\n</ol>\r\n\r\n<p>Semua persyaratan tersebut dimasukan kedalam map warna hijau dan ditulis nama beserta No HP/WA yang aktif. Diutamakan dari keluarga yang terdaftar dalam Basis Data Terpadu (BDT).</p>\r\n','2020-02-18 00:00:00','2020-02-17','0000-00-00','POST_18022020_logo_Kemnaker.jpg','pemberitahuan-pembukaan-pendaftaran-calon-peserta-pencari-kerja','Artikel',1,'Publish',56,'admin'),(28,5,'Diklat Gratis pada BBPLK Bekasi','Balai Besar Pengembangan Latihan Kerja (BBPLK) Bekasi akan melaksanakan Pelatihan Berbasis Kompetensi secara gratis bagi masyarakat Kota Padang Panjang yang berminat untuk Jurusan Elektronika / Teknisi Embesed Sistem, Refrigeration/ Asisten Teknisi AC, dan Elektronika/ Teknisi HP.<br />\r\nKepada peserta yang lulus seleksi akan mendapatkan fasilitas :<br />\r\n1. Mengikuti Pelatihan di BBPLK Bekasi.<br />\r\n2. Transportasi Pulang Pergi.<br />\r\n3. Asrama / Penginapan.<br />\r\n4. Jasa Loundry.<br />\r\n5. Uang saku sesuai dengan anggaran BBPLK Bekasi.<br />\r\n6. Sertifikat Pelatihan dan Sertifikat Uji Kompetensi bagi yang Lulus Uji Komptensi.<br />\r\nBagi masyarakat yang berminat diharapkan untuk mendaftar ke Dinas Penanaman Modal dan Pelayanan Terpadu Satu Pintu Kota Padang Panjang paling lambat tanggal 13 Maret 2020 dengan melampirkan persyaratan sebagai berikut :<br />\r\n1. Usia Minimum 17 tahun / tidak sedang menempuh&nbsp; pendidikan.<br />\r\n2. Photo Copy KTP (Warga Padang Panjang) 1 lembar.<br />\r\n3. Ijazah Terakhir 1 lembar.<br />\r\n4. Map warna merah 1 buah.<br />\r\n&nbsp;','2020-03-11 00:00:00','2020-03-10','0000-00-00','POST_11032020_logo_Kemnaker.jpg','diklat-gratis-pada-bbplk-bekasi','Artikel',1,'Publish',18,'admin'),(29,5,'Pendaftaran Kartu Pra Kerja','<div style=\"text-align: justify;\"><blockquote>\r\n<h1>Apa sih Kartu Prakerja itu?</h1>\r\n</blockquote>\r\nKartu Pra Kerja merupakan program pengembangan kompetensi kerja yang ditujukan untuk pencari kerja, pekerja ter-PHK, atau pekerja yang membutuhkan peningkatan kompetensi.<br>\r\nKartu Pra Kerja mengalami perubahan skema untuk merespon dampak <a href=\"https://jogja.tribunnews.com/tag/covid-19\">COVID-19</a>. Sesuai arahan Presiden Joko Widodo, pemerintah mengubah kebijakan Kartu Prakerja untuk mewadahi para karyawan yang terkena PHK atau dirumahkan.<br>\r\nKartu pra kerja juga akan diberikan kepada para pekerja harian yang kehilangan penghasilan dan pengusaha mikro yang kehilangan pasar atau omzet.<br>\r\nNantinya, penerima kartu pra kerja dapat mengikuti pelatihan yang disyaratkan industri dalam layanan Sistem Informasi Ketenagakerjaan (Sisnaker). Pada layanan itu, terdapat berbagai pilihan jenis pelatihan dan lembaga pelatihan, baik Balai Latihan Kerja (BLK) pemerintah atau Lembaga Pelatihan Kerja (LPK) swasta. Pelatihan akan digelar secara online dan offline. Setelah selesai pelatihan, peserta program nantinya akan mendapatkan sertifikat pelatihan dari lembaga yang diikutinya.<br>\r\nGuna menginventarisasi mereka yang terdampak COVID-19 silahkan isi formulir melalui: <strong><em><a href=\"http://bit.ly/pekerjadampak_covid19\" target=\"_blank\">Formulir</a></em></strong></div>','2020-05-05 00:00:00','2020-04-02','0000-00-00','POST_03042020_prakerja.png','pendaftaran-kartu-pra-kerja','Artikel',1,'Unpublish',22,NULL),(31,3,'Coba Buat Artikel','<p>Test<br></p>','2020-05-05 00:00:00','2020-05-05','0000-00-00','POST_05052020_IMG_20200106_072844.jpg','coba-buat-artikel','Halaman',1,'Draft',0,NULL),(34,3,'test','<p>test<br></p>','2020-05-05 00:00:00','2020-05-05','0000-00-00','POST_05052020_FB_IMG_1581490977088.jpg','test','Halaman',1,'Draft',0,NULL),(35,5,'TEST','<p>COba Konten<br></p>','2020-05-06 00:00:00','2020-05-06','0000-00-00','POST_06052020_FB_IMG_1569486429941.jpg','test','Artikel',1,'Draft',0,NULL);

/*Table structure for table `p_slider` */

DROP TABLE IF EXISTS `p_slider`;

CREATE TABLE `p_slider` (
  `id_slider` int(11) NOT NULL AUTO_INCREMENT,
  `gambar_slider` varchar(50) DEFAULT NULL,
  `keterangan_slider` text DEFAULT NULL,
  `post_id` int(11) DEFAULT NULL,
  `status_slider` tinyint(1) DEFAULT NULL,
  PRIMARY KEY (`id_slider`)
) ENGINE=InnoDB AUTO_INCREMENT=8 DEFAULT CHARSET=latin1;

/*Data for the table `p_slider` */

insert  into `p_slider`(`id_slider`,`gambar_slider`,`keterangan_slider`,`post_id`,`status_slider`) values (6,'SLIDER_06052020_FB_IMG_1584880470012.jpg','TEST',29,1),(7,'SLIDER_06052020_FB_IMG_1584880470012.jpg','TEST',28,1);

/*Table structure for table `sessions` */

DROP TABLE IF EXISTS `sessions`;

CREATE TABLE `sessions` (
  `id` varchar(128) NOT NULL,
  `ip_address` varchar(45) NOT NULL,
  `timestamp` int(10) unsigned NOT NULL DEFAULT 0,
  `data` blob NOT NULL,
  PRIMARY KEY (`id`)
) ENGINE=MyISAM DEFAULT CHARSET=latin1;

/*Data for the table `sessions` */

/*Table structure for table `statistik` */

DROP TABLE IF EXISTS `statistik`;

CREATE TABLE `statistik` (
  `id` int(11) NOT NULL AUTO_INCREMENT,
  `ip` varchar(50) NOT NULL,
  `tanggal` date NOT NULL,
  `hits` bigint(20) NOT NULL,
  `online` varchar(255) NOT NULL,
  PRIMARY KEY (`id`)
) ENGINE=MyISAM AUTO_INCREMENT=141 DEFAULT CHARSET=latin1;

/*Data for the table `statistik` */

insert  into `statistik`(`id`,`ip`,`tanggal`,`hits`,`online`) values (1,'172.16.10.254','2019-11-22',11,'1574450325'),(2,'172.16.10.254','2019-11-23',2,'1574536594'),(3,'172.16.10.254','2019-11-24',29,'1574622815'),(4,'172.16.10.254','2019-11-25',18,'1574670857'),(5,'172.16.10.254','2019-11-26',67,'1574768227'),(6,'172.16.10.254','2019-11-27',13,'1574882141'),(7,'172.16.10.254','2019-11-28',13,'1574985320'),(8,'172.16.10.254','2019-11-29',22,'1575029411'),(9,'172.16.10.254','2019-11-30',37,'1575118429'),(10,'172.16.10.254','2019-12-02',14,'1575319362'),(11,'172.16.10.254','2019-12-03',64,'1575366690'),(12,'172.16.10.254','2019-12-04',63,'1575477188'),(13,'172.16.10.254','2019-12-05',63,'1575538705'),(14,'172.16.10.254','2019-12-06',12,'1575647738'),(15,'172.16.10.254','2019-12-09',3,'1575875245'),(16,'172.16.10.254','2019-12-10',62,'1575986078'),(17,'172.16.10.254','2019-12-11',91,'1576089242'),(18,'172.16.10.254','2019-12-12',6,'1576175024'),(19,'172.16.10.254','2019-12-13',9,'1576228499'),(20,'172.16.10.254','2019-12-14',1,'1576335438'),(21,'172.16.10.254','2019-12-15',3,'1576429153'),(22,'172.16.10.254','2019-12-16',12,'1576483743'),(23,'172.16.10.254','2019-12-17',28,'1576601065'),(24,'172.16.10.254','2019-12-18',25,'1576703603'),(25,'172.16.10.254','2019-12-19',72,'1576799694'),(26,'172.16.10.254','2019-12-20',20,'1576862607'),(27,'172.16.10.254','2019-12-21',9,'1576972674'),(28,'172.16.10.254','2019-12-22',11,'1577054918'),(29,'172.16.10.254','2019-12-23',30,'1577100447'),(30,'172.16.10.254','2019-12-24',59,'1577219203'),(31,'172.16.10.254','2019-12-25',4,'1577250325'),(32,'172.16.10.254','2019-12-26',9,'1577348090'),(33,'172.16.10.254','2019-12-27',6,'1577472649'),(34,'172.16.10.254','2019-12-28',3,'1577558298'),(35,'172.16.10.254','2019-12-29',11,'1577656656'),(36,'172.16.10.254','2019-12-30',25,'1577743598'),(37,'172.16.10.254','2019-12-31',4,'1577821047'),(38,'172.16.10.254','2020-01-01',3,'1577861473'),(39,'172.16.10.254','2020-01-02',8,'1578005409'),(40,'172.16.10.254','2020-01-03',1,'1578011990'),(41,'172.16.10.254','2020-01-04',34,'1578163135'),(42,'172.16.10.254','2020-01-05',5,'1578233437'),(43,'172.16.10.254','2020-01-06',32,'1578348779'),(44,'172.16.10.254','2020-01-07',29,'1578406367'),(45,'172.16.10.254','2020-01-08',77,'1578520295'),(46,'172.16.10.254','2020-01-09',16,'1578586323'),(47,'172.16.10.254','2020-01-10',16,'1578696463'),(48,'172.16.10.254','2020-01-11',8,'1578715787'),(49,'172.16.10.254','2020-01-12',1,'1578871961'),(50,'172.16.10.254','2020-01-13',12,'1578949151'),(51,'172.16.10.254','2020-01-14',27,'1579034663'),(52,'172.16.10.254','2020-01-15',20,'1579129994'),(53,'172.16.10.254','2020-01-16',14,'1579213290'),(54,'172.16.10.254','2020-01-17',49,'1579298708'),(55,'172.16.10.254','2020-01-18',12,'1579377236'),(56,'172.16.10.254','2020-01-19',3,'1579476779'),(57,'172.16.10.254','2020-01-20',20,'1579556489'),(58,'172.16.10.254','2020-01-21',27,'1579622618'),(59,'172.16.10.254','2020-01-22',8,'1579668516'),(60,'172.16.10.254','2020-01-23',48,'1579796664'),(61,'172.16.10.254','2020-01-24',9,'1579902204'),(62,'172.16.10.254','2020-01-25',9,'1579992066'),(63,'172.16.10.254','2020-01-26',5,'1580063317'),(64,'172.16.10.254','2020-01-27',14,'1580163219'),(65,'172.16.10.254','2020-01-28',13,'1580251977'),(66,'172.16.10.254','2020-01-29',20,'1580342381'),(67,'172.16.10.254','2020-01-30',24,'1580424489'),(68,'172.16.10.254','2020-01-31',37,'1580492243'),(69,'172.16.10.254','2020-02-01',6,'1580589094'),(70,'172.16.10.254','2020-02-02',3,'1580665136'),(71,'172.16.10.254','2020-02-03',10,'1580765403'),(72,'172.16.10.254','2020-02-04',18,'1580851406'),(73,'172.16.10.254','2020-02-05',27,'1580941137'),(74,'172.16.10.254','2020-02-06',12,'1581013916'),(75,'172.16.10.254','2020-02-07',13,'1581098019'),(76,'172.16.10.254','2020-02-08',17,'1581201697'),(77,'172.16.10.254','2020-02-09',45,'1581288070'),(78,'172.16.10.254','2020-02-10',36,'1581377863'),(79,'172.16.10.254','2020-02-11',22,'1581463998'),(80,'172.16.10.254','2020-02-12',117,'1581543442'),(81,'172.16.10.254','2020-02-13',26,'1581635947'),(82,'172.16.10.254','2020-02-14',16,'1581718171'),(83,'172.16.10.254','2020-02-15',27,'1581785018'),(84,'172.16.10.254','2020-02-16',6,'1581896408'),(85,'172.16.10.254','2020-02-17',11,'1581942645'),(86,'172.16.10.254','2020-02-18',47,'1582067546'),(87,'172.16.10.254','2020-02-19',16,'1582154672'),(88,'172.16.10.254','2020-02-20',41,'1582239461'),(89,'172.16.10.254','2020-02-21',24,'1582322556'),(90,'172.16.10.254','2020-02-22',17,'1582415627'),(91,'172.16.10.254','2020-02-23',17,'1582480798'),(92,'172.16.10.254','2020-02-24',25,'1582587191'),(93,'172.16.10.254','2020-02-25',11,'1582669800'),(94,'172.16.10.254','2020-02-26',32,'1582745122'),(95,'172.16.10.254','2020-02-27',25,'1582845410'),(96,'172.16.10.254','2020-02-28',43,'1582934121'),(97,'172.16.10.254','2020-02-29',22,'1582975458'),(98,'172.16.10.254','2020-03-01',10,'1583101577'),(99,'172.16.10.254','2020-03-02',97,'1583186473'),(100,'172.16.10.254','2020-03-03',14,'1583277684'),(101,'172.16.10.254','2020-03-04',16,'1583357359'),(102,'172.16.10.254','2020-03-05',48,'1583450172'),(103,'172.16.10.254','2020-03-06',11,'1583539196'),(104,'172.16.10.254','2020-03-07',13,'1583622210'),(105,'172.16.10.254','2020-03-08',124,'1583711359'),(106,'172.16.10.254','2020-03-09',24,'1583797069'),(107,'172.16.10.254','2020-03-10',108,'1583883309'),(108,'172.16.10.254','2020-03-11',56,'1583964095'),(109,'172.16.10.254','2020-03-12',17,'1584056584'),(110,'172.16.10.254','2020-03-13',19,'1584141340'),(111,'172.16.10.254','2020-03-14',12,'1584222652'),(112,'172.16.10.254','2020-03-15',15,'1584301918'),(113,'172.16.10.254','2020-03-16',24,'1584401003'),(114,'172.16.10.254','2020-03-17',28,'1584489163'),(115,'172.16.10.254','2020-03-18',13,'1584569859'),(116,'172.16.10.254','2020-03-19',17,'1584661788'),(117,'172.16.10.254','2020-03-20',34,'1584740762'),(118,'172.16.10.254','2020-03-21',16,'1584834128'),(119,'172.16.10.254','2020-03-22',25,'1584917712'),(120,'172.16.10.254','2020-03-23',26,'1584999977'),(121,'172.16.10.254','2020-03-24',15,'1585089751'),(122,'172.16.10.254','2020-03-25',33,'1585179633'),(123,'172.16.10.254','2020-03-26',49,'1585265893'),(124,'172.16.10.254','2020-03-27',24,'1585349778'),(125,'172.16.10.254','2020-03-28',43,'1585431250'),(126,'172.16.10.254','2020-03-29',13,'1585512136'),(127,'172.16.10.254','2020-03-30',18,'1585610833'),(128,'172.16.10.254','2020-03-31',20,'1585696471'),(129,'172.16.10.254','2020-04-01',17,'1585778102'),(130,'172.16.10.254','2020-04-02',26,'1585869161'),(131,'172.16.10.254','2020-04-03',75,'1585955721'),(132,'172.16.10.254','2020-04-04',27,'1586034344'),(133,'172.16.10.254','2020-04-05',17,'1586115872'),(134,'172.16.10.254','2020-04-06',26,'1586199771'),(135,'172.16.10.254','2020-04-07',34,'1586300750'),(136,'172.16.10.254','2020-04-08',24,'1586385929'),(137,'172.16.10.254','2020-04-09',27,'1586475154'),(138,'172.16.10.254','2020-04-10',31,'1586562831'),(139,'172.16.10.254','2020-04-11',46,'1586637054'),(140,'172.16.10.254','2020-04-12',5,'1586665151');

/*Table structure for table `view_aksi` */

DROP TABLE IF EXISTS `view_aksi`;

/*!50001 DROP VIEW IF EXISTS `view_aksi` */;
/*!50001 DROP TABLE IF EXISTS `view_aksi` */;

/*!50001 CREATE TABLE  `view_aksi`(
 `id` int(11) ,
 `modul_id` int(11) ,
 `nama_modul` varchar(50) ,
 `aksi_id` int(11) ,
 `nama_aksi` varchar(30) 
)*/;

/*Table structure for table `view_modul` */

DROP TABLE IF EXISTS `view_modul`;

/*!50001 DROP VIEW IF EXISTS `view_modul` */;
/*!50001 DROP TABLE IF EXISTS `view_modul` */;

/*!50001 CREATE TABLE  `view_modul`(
 `role_id` int(11) ,
 `role_nama` varchar(30) ,
 `modul_id` int(11) ,
 `nama_modul` varchar(50) ,
 `link` varchar(30) ,
 `status_modul` tinyint(1) 
)*/;

/*View structure for view view_aksi */

/*!50001 DROP TABLE IF EXISTS `view_aksi` */;
/*!50001 DROP VIEW IF EXISTS `view_aksi` */;

/*!50001 CREATE ALGORITHM=UNDEFINED DEFINER=`root`@`localhost` SQL SECURITY DEFINER VIEW `view_aksi` AS (select `m_role_aksi`.`id` AS `id`,`m_role_aksi`.`modul_id` AS `modul_id`,`m_moduls`.`nama_modul` AS `nama_modul`,`m_role_aksi`.`aksi_id` AS `aksi_id`,`m_aksi`.`nama_aksi` AS `nama_aksi` from ((`m_role_aksi` join `m_moduls` on(`m_role_aksi`.`modul_id` = `m_moduls`.`id_modul`)) join `m_aksi` on(`m_role_aksi`.`aksi_id` = `m_aksi`.`id_aksi`)) order by `m_role_aksi`.`id`) */;

/*View structure for view view_modul */

/*!50001 DROP TABLE IF EXISTS `view_modul` */;
/*!50001 DROP VIEW IF EXISTS `view_modul` */;

/*!50001 CREATE ALGORITHM=UNDEFINED DEFINER=`root`@`localhost` SQL SECURITY DEFINER VIEW `view_modul` AS (select `m_role_akses`.`role_id` AS `role_id`,`m_role`.`role_nama` AS `role_nama`,`m_role_akses`.`modul_id` AS `modul_id`,`m_moduls`.`nama_modul` AS `nama_modul`,`m_moduls`.`link` AS `link`,`m_moduls`.`status_modul` AS `status_modul` from ((`m_role_akses` join `m_role` on(`m_role_akses`.`role_id` = `m_role`.`role_id`)) join `m_moduls` on(`m_role_akses`.`modul_id` = `m_moduls`.`id_modul`)) group by `m_role_akses`.`role_id`,`m_role_akses`.`modul_id`) */;

/*!40101 SET SQL_MODE=@OLD_SQL_MODE */;
/*!40014 SET FOREIGN_KEY_CHECKS=@OLD_FOREIGN_KEY_CHECKS */;
/*!40014 SET UNIQUE_CHECKS=@OLD_UNIQUE_CHECKS */;
/*!40111 SET SQL_NOTES=@OLD_SQL_NOTES */;
